GRUPOSERVICO_CODIGO;GRUPOSERVICO_DESCRICAO;SERVICO_CODIGO;SERVICO_DESCRICAO;LOGRADOURO;NUMERO;BAIRRO;RPA;DATA_DEMANDA;SITUACAO;DATA_ULT_SITUACAO
7;ARBORIZAÇÃO;8;PODA DE ARVORES;AV  DEZESSETE DE AGOSTO;833;CASA FORTE;3;2019-05-29;EXECUÇÃO;2019-05-29
7;ARBORIZAÇÃO;8;PODA DE ARVORES;AV  IZABEL DE GOES;585;AREIAS;5;2019-05-29;EXECUÇÃO;2019-05-29
7;ARBORIZAÇÃO;8;PODA DE ARVORES;AV  RECIFE;3587;CACOTE;5;2019-05-29;ATENDIDA;2019-05-29
7;ARBORIZAÇÃO;8;PODA DE ARVORES;AV  RUI BARBOSA;760;GRACAS;3;2019-05-29;PENDENTE;2019-05-29
7;ARBORIZAÇÃO;8;PODA DE ARVORES;RUA  ALFREDO DE MEDEIROS;144;ESPINHEIRO;3;2019-05-29;PENDENTE;2019-05-29
7;ARBORIZAÇÃO;8;PODA DE ARVORES;RUA  BONIFACIO DE ANDRADE;00;SAN MARTIN;5;2019-05-29;EXECUÇÃO;2019-05-29
7;ARBORIZAÇÃO;8;PODA DE ARVORES;RUA  BUENOPOLIS;69;AFOGADOS;5;2019-05-29;EXECUÇÃO;2019-05-29
7;ARBORIZAÇÃO;8;PODA DE ARVORES;RUA  EDSON ALVARES;93;CASA FORTE;3;2019-05-29;EXECUÇÃO;2019-05-29
7;ARBORIZAÇÃO;8;PODA DE ARVORES;RUA  JULIAO NETO;534;ENCRUZILHADA;2;2019-05-29;EXECUÇÃO;2019-05-29
7;ARBORIZAÇÃO;8;PODA DE ARVORES;RUA  MANUEL SALVADOR;346;BARRO;5;2019-05-29;EXECUÇÃO;2019-05-29
7;ARBORIZAÇÃO;8;PODA DE ARVORES;RUA  SINDICATO DOS BANCARIOS;60;CACOTE;5;2019-05-29;ATENDIDA;2019-05-29
7;ARBORIZAÇÃO;8;PODA DE ARVORES;RUA  TITO LIVIO SOARES;S/N;POCO;3;2019-05-29;EXECUÇÃO;2019-05-29
7;ARBORIZAÇÃO;8;PODA DE ARVORES;RUA ASTRONAUTA NEIL ARMSTRONG;42;CASA AMARELA;3;2019-05-29;EXECUÇÃO;2019-05-29
7;ARBORIZAÇÃO;8;PODA DE ARVORES;RUA CONS PERETTI;363;CASA AMARELA;3;2019-05-29;EXECUÇÃO;2019-05-29
7;ARBORIZAÇÃO;8;PODA DE ARVORES;RUA DES DIRCEU BORGES;89;AFOGADOS;5;2019-05-29;EXECUÇÃO;2019-05-29
7;ARBORIZAÇÃO;8;PODA DE ARVORES;RUA VEREADOR FRANCISCO DE PAULA SANTANA;00;AFOGADOS;5;2019-05-29;EXECUÇÃO;2019-05-29
7;ARBORIZAÇÃO;16;VISTORIA DE ARVORES;AV  RUI BARBOSA;2038;JAQUEIRA;3;2019-05-29;CADASTRADA;2019-05-29
7;ARBORIZAÇÃO;16;VISTORIA DE ARVORES;AV CONSUL VILARES FRAGOSO;111;BONGI;5;2019-05-29;PREPARAÇÃO;2019-05-29
7;ARBORIZAÇÃO;16;VISTORIA DE ARVORES;AV CONSUL VILARES FRAGOSO;140;MUSTARDINHA;5;2019-05-29;PREPARAÇÃO;2019-05-29
7;ARBORIZAÇÃO;16;VISTORIA DE ARVORES;AV GOVERNADOR AGAMENON MAGALHAES;SN;DERBY;3;2019-05-29;CADASTRADA;2019-05-29
7;ARBORIZAÇÃO;16;VISTORIA DE ARVORES;AV PROFESSOR JOSE DOS ANJOS;SN;TAMARINEIRA;3;2019-05-29;CADASTRADA;2019-05-29
7;ARBORIZAÇÃO;16;VISTORIA DE ARVORES;AV TENENTE FELIPE BANDEIRA DE MELO;551;AREIAS;5;2019-05-29;PREPARAÇÃO;2019-05-29
7;ARBORIZAÇÃO;16;VISTORIA DE ARVORES;RUA  ADERBAL DE MELO;393;IPSEP;6;2019-05-29;PREPARAÇÃO;2019-05-29
7;ARBORIZAÇÃO;16;VISTORIA DE ARVORES;RUA  ALTINHO;70;MADALENA;4;2019-05-29;PREPARAÇÃO;2019-05-29
7;ARBORIZAÇÃO;16;VISTORIA DE ARVORES;RUA  APRIGIO GUIMARAES;184;TEJIPIO;5;2019-05-29;PREPARAÇÃO;2019-05-29
7;ARBORIZAÇÃO;16;VISTORIA DE ARVORES;RUA  CARVALHO DE MENDONCA;165;AFOGADOS;5;2019-05-29;PREPARAÇÃO;2019-05-29
7;ARBORIZAÇÃO;16;VISTORIA DE ARVORES;RUA  DOIS DE JULHO;SN;SANTO AMARO;1;2019-05-29;PREPARAÇÃO;2019-05-29
7;ARBORIZAÇÃO;16;VISTORIA DE ARVORES;RUA  DOMINGOS BORGES DE BARROS;55;IPUTINGA;4;2019-05-29;CADASTRADA;2019-05-29
7;ARBORIZAÇÃO;16;VISTORIA DE ARVORES;RUA  EDILBERTO LEAL BARBOSA;63;IMBIRIBEIRA;6;2019-05-29;PREPARAÇÃO;2019-05-29
7;ARBORIZAÇÃO;16;VISTORIA DE ARVORES;RUA  EMETERIO MACIEL;SN;VARZEA;4;2019-05-29;CADASTRADA;2019-05-29
7;ARBORIZAÇÃO;16;VISTORIA DE ARVORES;RUA  FRANCISCO SILVEIRA;36-34;AFOGADOS;5;2019-05-29;PREPARAÇÃO;2019-05-29
7;ARBORIZAÇÃO;16;VISTORIA DE ARVORES;RUA  GARANHUNS;50;JORDAO;6;2019-05-29;PREPARAÇÃO;2019-05-29
7;ARBORIZAÇÃO;16;VISTORIA DE ARVORES;RUA  HEIJI GEMBA;SN;BOA VIAGEM;6;2019-05-29;PREPARAÇÃO;2019-05-29
7;ARBORIZAÇÃO;16;VISTORIA DE ARVORES;RUA  JOAO SALES MENEZES;58;VARZEA;4;2019-05-29;CADASTRADA;2019-05-29
7;ARBORIZAÇÃO;16;VISTORIA DE ARVORES;RUA  MARAGOGI;S/N;ALTO JOSE DO PINHO;3;2019-05-29;PREPARAÇÃO;2019-05-29
7;ARBORIZAÇÃO;16;VISTORIA DE ARVORES;RUA  MARIO ORLANDO ( FOLIAO );01;TORRE;4;2019-05-29;PREPARAÇÃO;2019-05-29
7;ARBORIZAÇÃO;16;VISTORIA DE ARVORES;RUA  MARQUES;75;PARNAMIRIM;3;2019-05-29;PREPARAÇÃO;2019-05-29
7;ARBORIZAÇÃO;16;VISTORIA DE ARVORES;RUA  PAULA BATISTA;767;CASA AMARELA;3;2019-05-29;PREPARAÇÃO;2019-05-29
7;ARBORIZAÇÃO;16;VISTORIA DE ARVORES;RUA  RODOLFO DE HOLANDA;189;ENCRUZILHADA;2;2019-05-29;PREPARAÇÃO;2019-05-29
7;ARBORIZAÇÃO;16;VISTORIA DE ARVORES;RUA  SOARES DE AZEVEDO;83 CAS 1/2;POCO;3;2019-05-29;PREPARAÇÃO;2019-05-29
7;ARBORIZAÇÃO;16;VISTORIA DE ARVORES;RUA  VIRGINIA HERACLIO;737;IPSEP;6;2019-05-29;CADASTRADA;2019-05-29
7;ARBORIZAÇÃO;16;VISTORIA DE ARVORES;RUA CAPITAO SAMPAIO XAVIER;435;ROSARINHO;2;2019-05-29;PREPARAÇÃO;2019-05-29
7;ARBORIZAÇÃO;16;VISTORIA DE ARVORES;RUA COMPOSITOR RAUL VALENCA;SN;DOIS UNIDOS;2;2019-05-29;PREPARAÇÃO;2019-05-29
7;ARBORIZAÇÃO;16;VISTORIA DE ARVORES;RUA DOM ESTEVAO BRIOSO;146;BOA VIAGEM;6;2019-05-29;PREPARAÇÃO;2019-05-29
7;ARBORIZAÇÃO;16;VISTORIA DE ARVORES;RUA DOM PEDRO HENRIQUE;197;SANTO AMARO;1;2019-05-29;PREPARAÇÃO;2019-05-29
7;ARBORIZAÇÃO;16;VISTORIA DE ARVORES;RUA MARQUES BAIPENDI;562 -554;CAMPO GRANDE;2;2019-05-29;PREPARAÇÃO;2019-05-29
7;ARBORIZAÇÃO;16;VISTORIA DE ARVORES;RUA TENENTE PORTELA;50;IBURA;6;2019-05-29;PREPARAÇÃO;2019-05-29
7;ARBORIZAÇÃO;255;QUEDA DE ARVORE;RUA  BUGARI;70;MORRO DA CONCEICAO;3;2019-05-29;PREPARAÇÃO;2019-05-29
7;ARBORIZAÇÃO;255;QUEDA DE ARVORE;RUA DES OSCAR COUTINHO;SN;IPUTINGA;4;2019-05-29;CADASTRADA;2019-05-29
10;DENUNCIAS;250;DENUNCIAS EMLURB;PTE  ESTACIO COIMBRA;00;DERBY;3;2019-05-29;CADASTRADA;2019-05-29
11;DRENAGEM;4;LIMP. DE GALERIAS,VALETAS,SARJETAS;AV  CRUZ CABUGA;.;SANTO AMARO;1;2019-05-29;ATENDIDA;2019-05-29
11;DRENAGEM;4;LIMP. DE GALERIAS,VALETAS,SARJETAS;AV  ENCANTA MOCA;322;PINA;6;2019-05-29;CADASTRADA;2019-05-29
11;DRENAGEM;4;LIMP. DE GALERIAS,VALETAS,SARJETAS;AV BARAO BONITO;SN;VARZEA;4;2019-05-29;CADASTRADA;2019-05-29
11;DRENAGEM;4;LIMP. DE GALERIAS,VALETAS,SARJETAS;AV DR JOSE RUFINO;SN;TEJIPIO;5;2019-05-29;CADASTRADA;2019-05-29
11;DRENAGEM;4;LIMP. DE GALERIAS,VALETAS,SARJETAS;AV GOVERNADOR AGAMENON MAGALHAES;.;BOA VISTA;1;2019-05-29;ATENDIDA;2019-05-29
11;DRENAGEM;4;LIMP. DE GALERIAS,VALETAS,SARJETAS;BEC  CASADOS;.;SANTO AMARO;1;2019-05-29;ATENDIDA;2019-05-29
11;DRENAGEM;4;LIMP. DE GALERIAS,VALETAS,SARJETAS;RUA  AGUA CLARA;S/N;VARZEA;4;2019-05-29;CADASTRADA;2019-05-29
11;DRENAGEM;4;LIMP. DE GALERIAS,VALETAS,SARJETAS;RUA  ALTO DO RESERVATORIO;575;NOVA DESCOBERTA;3;2019-05-29;CADASTRADA;2019-05-29
11;DRENAGEM;4;LIMP. DE GALERIAS,VALETAS,SARJETAS;RUA  CAMPO DA VOVOZINHA;SN;SANTO AMARO;1;2019-05-29;CADASTRADA;2019-05-29
11;DRENAGEM;4;LIMP. DE GALERIAS,VALETAS,SARJETAS;RUA  COQUEIRO SECO;S/N;VARZEA;4;2019-05-29;CADASTRADA;2019-05-29
11;DRENAGEM;4;LIMP. DE GALERIAS,VALETAS,SARJETAS;RUA  COQUEIRO SECO;SN;VARZEA;4;2019-05-29;CADASTRADA;2019-05-29
11;DRENAGEM;4;LIMP. DE GALERIAS,VALETAS,SARJETAS;RUA  CRENTE;50;SANTO AMARO;1;2019-05-29;CADASTRADA;2019-05-29
11;DRENAGEM;4;LIMP. DE GALERIAS,VALETAS,SARJETAS;RUA  ESDRAS FARIAS;22;IPSEP;6;2019-05-29;CADASTRADA;2019-05-29
11;DRENAGEM;4;LIMP. DE GALERIAS,VALETAS,SARJETAS;RUA  JOSE BENTO BATISTA;174;CAMPO GRANDE;2;2019-05-29;CADASTRADA;2019-05-29
11;DRENAGEM;4;LIMP. DE GALERIAS,VALETAS,SARJETAS;RUA  JOSE DE ALENCAR;..;BOA VISTA;1;2019-05-29;ATENDIDA;2019-05-29
11;DRENAGEM;4;LIMP. DE GALERIAS,VALETAS,SARJETAS;RUA  PAULA BATISTA;767;CASA AMARELA;3;2019-05-29;CADASTRADA;2019-05-29
11;DRENAGEM;4;LIMP. DE GALERIAS,VALETAS,SARJETAS;RUA  PROJETADA;23;BEBERIBE;2;2019-05-29;ATENDIDA;2019-05-29
11;DRENAGEM;4;LIMP. DE GALERIAS,VALETAS,SARJETAS;RUA  RAMIRO MACEDO;S/N;AGUA FRIA;2;2019-05-29;CADASTRADA;2019-05-29
11;DRENAGEM;4;LIMP. DE GALERIAS,VALETAS,SARJETAS;RUA  RIO AZUL;190;BOA VIAGEM;6;2019-05-29;CADASTRADA;2019-05-29
11;DRENAGEM;4;LIMP. DE GALERIAS,VALETAS,SARJETAS;RUA  SALMAO;44;BRASILIA TEIMOSA;6;2019-05-29;CADASTRADA;2019-05-29
11;DRENAGEM;4;LIMP. DE GALERIAS,VALETAS,SARJETAS;RUA  SETE PECADOS;23;ARRUDA;2;2019-05-29;ATENDIDA;2019-05-29
11;DRENAGEM;4;LIMP. DE GALERIAS,VALETAS,SARJETAS;RUA DR JULIO DE SANTA CRUZ DE OLIVEIRA;89;IPSEP;6;2019-05-29;CADASTRADA;2019-05-29
11;DRENAGEM;4;LIMP. DE GALERIAS,VALETAS,SARJETAS;RUA EXP VALDEMAR ADELINO;S/N;LINHA DO TIRO;2;2019-05-29;CADASTRADA;2019-05-29
11;DRENAGEM;4;LIMP. DE GALERIAS,VALETAS,SARJETAS;RUA PROFESSOR MUSSA HAZIN;122;IPUTINGA;4;2019-05-29;CADASTRADA;2019-05-29
11;DRENAGEM;4;LIMP. DE GALERIAS,VALETAS,SARJETAS;RUA PROFESSOR OTAVIO DE FREITAS;157;ENCRUZILHADA;2;2019-05-29;CADASTRADA;2019-05-29
11;DRENAGEM;4;LIMP. DE GALERIAS,VALETAS,SARJETAS;RUA SANTO ANTONIO;SN;CAMPO GRANDE;2;2019-05-29;CADASTRADA;2019-05-29
11;DRENAGEM;4;LIMP. DE GALERIAS,VALETAS,SARJETAS;RUA SAO BENTO;35;ARRUDA;2;2019-05-29;CADASTRADA;2019-05-29
11;DRENAGEM;18;REPOSIÇÃO TAMPA DE POÇO, GALERIAS E PRE-MOLDADOS;AV CONDE BOA VISTA;.;BOA VISTA;1;2019-05-29;ATENDIDA;2019-05-29
11;DRENAGEM;18;REPOSIÇÃO TAMPA DE POÇO, GALERIAS E PRE-MOLDADOS;AV CONDE BOA VISTA;.;BOA VISTA;1;2019-05-29;CADASTRADA;2019-05-29
11;DRENAGEM;18;REPOSIÇÃO TAMPA DE POÇO, GALERIAS E PRE-MOLDADOS;AV VISCONDE SUASSUNA;.;SANTO AMARO;1;2019-05-29;ATENDIDA;2019-05-29
11;DRENAGEM;18;REPOSIÇÃO TAMPA DE POÇO, GALERIAS E PRE-MOLDADOS;C  APOLO;.;RECIFE;1;2019-05-29;ATENDIDA;2019-05-29
11;DRENAGEM;18;REPOSIÇÃO TAMPA DE POÇO, GALERIAS E PRE-MOLDADOS;RUA  AMALIA BERNARDINO DE SOUZA;710;BOA VIAGEM;6;2019-05-29;CADASTRADA;2019-05-29
11;DRENAGEM;18;REPOSIÇÃO TAMPA DE POÇO, GALERIAS E PRE-MOLDADOS;RUA  CRENTE;50;SANTO AMARO;1;2019-05-29;CADASTRADA;2019-05-29
11;DRENAGEM;18;REPOSIÇÃO TAMPA DE POÇO, GALERIAS E PRE-MOLDADOS;RUA  FRANCISCO VALPASSOS;141;BRASILIA TEIMOSA;6;2019-05-29;CADASTRADA;2019-05-29
11;DRENAGEM;18;REPOSIÇÃO TAMPA DE POÇO, GALERIAS E PRE-MOLDADOS;RUA  GOMES TABORDA;1692;CORDEIRO;4;2019-05-29;CADASTRADA;2019-05-29
11;DRENAGEM;18;REPOSIÇÃO TAMPA DE POÇO, GALERIAS E PRE-MOLDADOS;RUA  JERICO;S/N;JARDIM SAO PAULO;5;2019-05-29;CADASTRADA;2019-05-29
11;DRENAGEM;18;REPOSIÇÃO TAMPA DE POÇO, GALERIAS E PRE-MOLDADOS;RUA  OSVALDO MACHADO;000;PINA;6;2019-05-29;ATENDIDA;2019-05-29
11;DRENAGEM;18;REPOSIÇÃO TAMPA DE POÇO, GALERIAS E PRE-MOLDADOS;RUA  PEIXOTO;.;SAO JOSE;1;2019-05-29;ATENDIDA;2019-05-29
11;DRENAGEM;18;REPOSIÇÃO TAMPA DE POÇO, GALERIAS E PRE-MOLDADOS;RUA CORONEL GERALDO GOMES DE MATOS;38;IBURA;6;2019-05-29;CADASTRADA;2019-05-29
11;DRENAGEM;18;REPOSIÇÃO TAMPA DE POÇO, GALERIAS E PRE-MOLDADOS;RUA DR PLACIDO DE OLIVEIRA;S/N;SAN MARTIN;5;2019-05-29;CADASTRADA;2019-05-29
11;DRENAGEM;18;REPOSIÇÃO TAMPA DE POÇO, GALERIAS E PRE-MOLDADOS;RUA SANTO ANTONIO;SN;CAMPO GRANDE;2;2019-05-29;CADASTRADA;2019-05-29
11;DRENAGEM;72;RECUP. DE ABATIMENTO GALERIA;PRC  SERGIO LORETO;.;SAO JOSE;1;2019-05-29;ATENDIDA;2019-05-29
11;DRENAGEM;72;RECUP. DE ABATIMENTO GALERIA;RUA  AURORA;..;SANTO ANTONIO;1;2019-05-29;ATENDIDA;2019-05-29
11;DRENAGEM;72;RECUP. DE ABATIMENTO GALERIA;RUA  CANAPOLIS;A;TAMARINEIRA;3;2019-05-29;ATENDIDA;2019-05-29
11;DRENAGEM;72;RECUP. DE ABATIMENTO GALERIA;RUA  CORACAO DE MARIA;.;SAO JOSE;1;2019-05-29;ATENDIDA;2019-05-29
11;DRENAGEM;72;RECUP. DE ABATIMENTO GALERIA;RUA  FRANCISCO CORTEZ;200;CORDEIRO;4;2019-05-29;CADASTRADA;2019-05-29
11;DRENAGEM;72;RECUP. DE ABATIMENTO GALERIA;RUA  GOMES TABORDA;1127;CORDEIRO;4;2019-05-29;ATENDIDA;2019-05-29
11;DRENAGEM;72;RECUP. DE ABATIMENTO GALERIA;RUA  GOMES TABORDA;S/N;PRADO;4;2019-05-29;ATENDIDA;2019-05-29
11;DRENAGEM;72;RECUP. DE ABATIMENTO GALERIA;RUA  OSVALDO MACHADO;000;PINA;6;2019-05-29;ATENDIDA;2019-05-29
11;DRENAGEM;72;RECUP. DE ABATIMENTO GALERIA;RUA PRESIDENTE VENCESLAU;SN;IBURA;6;2019-05-29;CADASTRADA;2019-05-29
11;DRENAGEM;81;LIMPEZA DE  CANALETAS;RUA  AGUA CLARA;00;VARZEA;4;2019-05-29;CADASTRADA;2019-05-29
11;DRENAGEM;81;LIMPEZA DE  CANALETAS;RUA  CARNEIRO VILELA;685;AFLITOS;3;2019-05-29;CADASTRADA;2019-05-29
11;DRENAGEM;81;LIMPEZA DE  CANALETAS;RUA  FRANCISCO LEOPOLDINO;00;VARZEA;4;2019-05-29;CADASTRADA;2019-05-29
11;DRENAGEM;81;LIMPEZA DE  CANALETAS;RUA CAPITAO ADOLFO TAQUIS;85;AFOGADOS;5;2019-05-29;CADASTRADA;2019-05-29
11;DRENAGEM;97;RECUP.DE CANALETAS DE DRENAGEM;RUA  RAMIRO MACEDO;S/N;AGUA FRIA;2;2019-05-29;CADASTRADA;2019-05-29
12;ESCADARIA;57;RECUP. DE ESCADARIA;RUA  ALBINO KROSS;SN;ALTO JOSE BONIFACIO;3;2019-05-29;CADASTRADA;2019-05-29
12;ESCADARIA;57;RECUP. DE ESCADARIA;RUA  ANITA;288;MACAXEIRA;3;2019-05-29;CADASTRADA;2019-05-29
12;ESCADARIA;57;RECUP. DE ESCADARIA;RUA  IRANI;29;NOVA DESCOBERTA;3;2019-05-29;CADASTRADA;2019-05-29
12;ESCADARIA;57;RECUP. DE ESCADARIA;RUA  MARILENA;S/N;BOMBA DO HEMETERIO;2;2019-05-29;CADASTRADA;2019-05-29
12;ESCADARIA;57;RECUP. DE ESCADARIA;RUA  NOBREGA;S/N;ALTO JOSE BONIFACIO;3;2019-05-29;CADASTRADA;2019-05-29
12;ESCADARIA;57;RECUP. DE ESCADARIA;RUA  PROJETADA;SN;AGUA FRIA;2;2019-05-29;CADASTRADA;2019-05-29
12;ESCADARIA;57;RECUP. DE ESCADARIA;RUA  SERRA PRETA;S/N;ALTO SANTA TEREZINHA;2;2019-05-29;CADASTRADA;2019-05-29
12;ESCADARIA;57;RECUP. DE ESCADARIA;TRV  FREDERICO OZANAN;123 C;VASCO DA GAMA;3;2019-05-29;CADASTRADA;2019-05-29
12;ESCADARIA;82;RECUP. DE CANALETA DE ESCADARIA;RUA PROFESSOR MARIO NEVES BAPTISTA;186;COHAB;6;2019-05-29;CADASTRADA;2019-05-29
15;FISCALIZAÇÃO URBANA;51;REG. DE VARRICAO OU ESVAZIAR PAPELEIRA;RUA  ANA CAMELO DA SILVA;38;BOA VIAGEM;6;2019-05-29;PREPARAÇÃO;2019-05-29
15;FISCALIZAÇÃO URBANA;86;IDENTIF.PROPIETARIO TERRENO;RUA  COSME BEZERRA CAVALCANTI;144;IPUTINGA;4;2019-05-29;PREPARAÇÃO;2019-05-29
15;FISCALIZAÇÃO URBANA;86;IDENTIF.PROPIETARIO TERRENO;RUA  HEIJI GEMBA;40;BOA VIAGEM;6;2019-05-29;CADASTRADA;2019-05-29
15;FISCALIZAÇÃO URBANA;86;IDENTIF.PROPIETARIO TERRENO;RUA COMPOSITOR ATAULFO ALVES;40;BOA VIAGEM;6;2019-05-29;CADASTRADA;2019-05-29
16;ILUMINAÇÃO PROVISÓRIA;27;INST.PROV. ILUMINACAO PROJETORES;PTE  SEIS DE MARCO;00;COELHOS;1;2019-05-29;ATENDIDA;2019-05-29
16;ILUMINAÇÃO PROVISÓRIA;27;INST.PROV. ILUMINACAO PROJETORES;RUA VEREADOR LUIZ CAVALCANTI;S/N;VARZEA;4;2019-05-29;ATENDIDA;2019-05-29
16;ILUMINAÇÃO PROVISÓRIA;306;INSTALAÇÃO PROVISÓRIA DE QUADRO;RUA  EURICO VITRUVIO;S/N;PINA;6;2019-05-29;ATENDIDA;2019-05-29
17;ILUMINAÇÃO PÚBLICA;21;APAGAR LAMPADA;AV MARECHAL MASCARENHAS DE MORAES;00;IMBIRIBEIRA;6;2019-05-29;EXECUÇÃO;2019-05-29
17;ILUMINAÇÃO PÚBLICA;21;APAGAR LAMPADA;AV VISCONDE SAO LEOPOLDO;S/N;ENGENHO DO MEIO;4;2019-05-29;EXECUÇÃO;2019-05-29
17;ILUMINAÇÃO PÚBLICA;21;APAGAR LAMPADA;RUA  ACARI;42;VARZEA;4;2019-05-29;EXECUÇÃO;2019-05-29
17;ILUMINAÇÃO PÚBLICA;21;APAGAR LAMPADA;RUA  GUARUJA;193B;AGUA FRIA;2;2019-05-29;EXECUÇÃO;2019-05-29
17;ILUMINAÇÃO PÚBLICA;21;APAGAR LAMPADA;RUA  PALMARES;0;SANTO AMARO;1;2019-05-29;EXECUÇÃO;2019-05-29
17;ILUMINAÇÃO PÚBLICA;21;APAGAR LAMPADA;RUA  PARIS;333;IMBIRIBEIRA;6;2019-05-29;EXECUÇÃO;2019-05-29
17;ILUMINAÇÃO PÚBLICA;21;APAGAR LAMPADA;RUA  VARSOVIA;199;IMBIRIBEIRA;6;2019-05-29;EXECUÇÃO;2019-05-29
17;ILUMINAÇÃO PÚBLICA;21;APAGAR LAMPADA;RUA DR ALVARO FERRAZ;36-K;JORDAO;6;2019-05-29;EXECUÇÃO;2019-05-29
17;ILUMINAÇÃO PÚBLICA;21;APAGAR LAMPADA;TRV  GUARACIABA;104;COHAB;6;2019-05-29;EXECUÇÃO;2019-05-29
17;ILUMINAÇÃO PÚBLICA;23;ACENDER CIRCUITO;AV  BOA VIAGEM;SN;PINA;6;2019-05-29;EXECUÇÃO;2019-05-29
17;ILUMINAÇÃO PÚBLICA;23;ACENDER CIRCUITO;AV  MARIO MELO;SN;SANTO AMARO;1;2019-05-29;PREPARAÇÃO;2019-05-29
17;ILUMINAÇÃO PÚBLICA;23;ACENDER CIRCUITO;AV  MILITAR;0;RECIFE;1;2019-05-29;ATENDIDA;2019-05-29
17;ILUMINAÇÃO PÚBLICA;23;ACENDER CIRCUITO;AV  NORTE MIGUEL ARRAES DE ALENCAR;00;ALTO JOSE DO PINHO;3;2019-05-29;ATENDIDA;2019-05-29
17;ILUMINAÇÃO PÚBLICA;23;ACENDER CIRCUITO;AV  NORTE MIGUEL ARRAES DE ALENCAR;00;CASA AMARELA;3;2019-05-29;ATENDIDA;2019-05-29
17;ILUMINAÇÃO PÚBLICA;23;ACENDER CIRCUITO;AV  RECIFE;0;ESTANCIA;5;2019-05-29;ATENDIDA;2019-05-29
17;ILUMINAÇÃO PÚBLICA;23;ACENDER CIRCUITO;AV  RECIFE;0;JARDIM SAO PAULO;5;2019-05-29;ATENDIDA;2019-05-29
17;ILUMINAÇÃO PÚBLICA;23;ACENDER CIRCUITO;AV  RECIFE;00;SAN MARTIN;5;2019-05-29;ATENDIDA;2019-05-29
17;ILUMINAÇÃO PÚBLICA;23;ACENDER CIRCUITO;AV  RECIFE;S/N;AREIAS;5;2019-05-29;ATENDIDA;2019-05-29
17;ILUMINAÇÃO PÚBLICA;23;ACENDER CIRCUITO;AV  RECIFE;S/N;IPSEP;6;2019-05-29;ATENDIDA;2019-05-29
17;ILUMINAÇÃO PÚBLICA;23;ACENDER CIRCUITO;AV  RECIFE;SN;IPSEP;6;2019-05-29;EXECUÇÃO;2019-05-29
17;ILUMINAÇÃO PÚBLICA;23;ACENDER CIRCUITO;AV BRIGADEIRO SECO;00;IBURA;6;2019-05-29;EXECUÇÃO;2019-05-29
17;ILUMINAÇÃO PÚBLICA;23;ACENDER CIRCUITO;AV ENGENHEIRO ABDIAS DE CARVALHO;962;TORROES;4;2019-05-29;EXECUÇÃO;2019-05-29
17;ILUMINAÇÃO PÚBLICA;23;ACENDER CIRCUITO;AV ENGENHEIRO ABDIAS DE CARVALHO;SN;TORROES;4;2019-05-29;EXECUÇÃO;2019-05-29
17;ILUMINAÇÃO PÚBLICA;23;ACENDER CIRCUITO;AV GOVERNADOR AGAMENON MAGALHAES;00;CAMPO GRANDE;2;2019-05-29;EXECUÇÃO;2019-05-29
17;ILUMINAÇÃO PÚBLICA;23;ACENDER CIRCUITO;AV PRESIDENTE DUTRA;00;IMBIRIBEIRA;6;2019-05-29;ATENDIDA;2019-05-29
17;ILUMINAÇÃO PÚBLICA;23;ACENDER CIRCUITO;C  ALFANDEGA;0;RECIFE;1;2019-05-29;EXECUÇÃO;2019-05-29
17;ILUMINAÇÃO PÚBLICA;23;ACENDER CIRCUITO;C  ALFANDEGA;00;RECIFE;1;2019-05-29;ATENDIDA;2019-05-29
17;ILUMINAÇÃO PÚBLICA;23;ACENDER CIRCUITO;PRC  CASA FORTE;SN;CASA FORTE;3;2019-05-29;EXECUÇÃO;2019-05-29
17;ILUMINAÇÃO PÚBLICA;23;ACENDER CIRCUITO;PTE  BUARQUE DE MACEDO;0;RECIFE;1;2019-05-29;ATENDIDA;2019-05-29
17;ILUMINAÇÃO PÚBLICA;23;ACENDER CIRCUITO;RUA  AGUAS VERDES;00;SAO JOSE;1;2019-05-29;ATENDIDA;2019-05-29
17;ILUMINAÇÃO PÚBLICA;23;ACENDER CIRCUITO;RUA  AGUAS VERDES;04;SAO JOSE;1;2019-05-29;EXECUÇÃO;2019-05-29
17;ILUMINAÇÃO PÚBLICA;23;ACENDER CIRCUITO;RUA  ALFANDEGA;0;RECIFE;1;2019-05-29;EXECUÇÃO;2019-05-29
17;ILUMINAÇÃO PÚBLICA;23;ACENDER CIRCUITO;RUA  AURORA;0;SANTO AMARO;1;2019-05-29;EXECUÇÃO;2019-05-29
17;ILUMINAÇÃO PÚBLICA;23;ACENDER CIRCUITO;RUA  FOGO;00;SANTO ANTONIO;1;2019-05-29;ATENDIDA;2019-05-29
17;ILUMINAÇÃO PÚBLICA;23;ACENDER CIRCUITO;RUA  FUTURO;1385;TAMARINEIRA;3;2019-05-29;EXECUÇÃO;2019-05-29
17;ILUMINAÇÃO PÚBLICA;23;ACENDER CIRCUITO;RUA  JOAO LIRA;00;SANTO AMARO;1;2019-05-29;ATENDIDA;2019-05-29
17;ILUMINAÇÃO PÚBLICA;23;ACENDER CIRCUITO;RUA  LE PARC;00;IMBIRIBEIRA;6;2019-05-29;EXECUÇÃO;2019-05-29
17;ILUMINAÇÃO PÚBLICA;23;ACENDER CIRCUITO;RUA  NOBREGA;242;ALTO JOSE BONIFACIO;3;2019-05-29;EXECUÇÃO;2019-05-29
17;ILUMINAÇÃO PÚBLICA;23;ACENDER CIRCUITO;RUA  PRINCIPE;00;BOA VISTA;1;2019-05-29;ATENDIDA;2019-05-29
17;ILUMINAÇÃO PÚBLICA;23;ACENDER CIRCUITO;RUA  RIO INDAIA;48;COHAB;6;2019-05-29;EXECUÇÃO;2019-05-29
17;ILUMINAÇÃO PÚBLICA;23;ACENDER CIRCUITO;RUA DR VICENTE RABELLO;00;IBURA;6;2019-05-29;EXECUÇÃO;2019-05-29
17;ILUMINAÇÃO PÚBLICA;23;ACENDER CIRCUITO;RUA DR VILAS BOAS;815/865;AREIAS;5;2019-05-29;EXECUÇÃO;2019-05-29
17;ILUMINAÇÃO PÚBLICA;25;MANUTENÇÃO EM LÂMPADA APAGADA;AV  AFONSO OLINDENSE;1927;VARZEA;4;2019-05-29;EXECUÇÃO;2019-05-29
17;ILUMINAÇÃO PÚBLICA;25;MANUTENÇÃO EM LÂMPADA APAGADA;AV  ANTONIO DE GOES;00;PINA;6;2019-05-29;EXECUÇÃO;2019-05-29
17;ILUMINAÇÃO PÚBLICA;25;MANUTENÇÃO EM LÂMPADA APAGADA;AV  ANTONIO DE GOES;SN;PINA;6;2019-05-29;EXECUÇÃO;2019-05-29
17;ILUMINAÇÃO PÚBLICA;25;MANUTENÇÃO EM LÂMPADA APAGADA;AV  BOA VIAGEM;0;BOA VIAGEM;6;2019-05-29;ATENDIDA;2019-05-29
17;ILUMINAÇÃO PÚBLICA;25;MANUTENÇÃO EM LÂMPADA APAGADA;AV  BOA VIAGEM;S/N;BOA VIAGEM;6;2019-05-29;ATENDIDA;2019-05-29
17;ILUMINAÇÃO PÚBLICA;25;MANUTENÇÃO EM LÂMPADA APAGADA;AV  CENTRAL;3792;MANGUEIRA;5;2019-05-29;EXECUÇÃO;2019-05-29
17;ILUMINAÇÃO PÚBLICA;25;MANUTENÇÃO EM LÂMPADA APAGADA;AV  CENTRAL;43;MANGUEIRA;5;2019-05-29;EXECUÇÃO;2019-05-29
17;ILUMINAÇÃO PÚBLICA;25;MANUTENÇÃO EM LÂMPADA APAGADA;AV  DANTAS BARRETO;00;SAO JOSE;1;2019-05-29;ATENDIDA;2019-05-29
17;ILUMINAÇÃO PÚBLICA;25;MANUTENÇÃO EM LÂMPADA APAGADA;AV  DEZESSETE DE AGOSTO;00;CASA FORTE;3;2019-05-29;ATENDIDA;2019-05-29
17;ILUMINAÇÃO PÚBLICA;25;MANUTENÇÃO EM LÂMPADA APAGADA;AV  DONA CARENTINA;643-A;JORDAO;6;2019-05-29;EXECUÇÃO;2019-05-29
17;ILUMINAÇÃO PÚBLICA;25;MANUTENÇÃO EM LÂMPADA APAGADA;AV  HERCULANO BANDEIRA;00;PINA;6;2019-05-29;EXECUÇÃO;2019-05-29
17;ILUMINAÇÃO PÚBLICA;25;MANUTENÇÃO EM LÂMPADA APAGADA;AV  HILDEBRANDO DE VASCONCELOS;17;DOIS UNIDOS;2;2019-05-29;EXECUÇÃO;2019-05-29
17;ILUMINAÇÃO PÚBLICA;25;MANUTENÇÃO EM LÂMPADA APAGADA;AV  INACIO MONTEIRO;1012;CORDEIRO;4;2019-05-29;EXECUÇÃO;2019-05-29
17;ILUMINAÇÃO PÚBLICA;25;MANUTENÇÃO EM LÂMPADA APAGADA;AV  JOAO DE BARROS;0;BOA VISTA;1;2019-05-29;EXECUÇÃO;2019-05-29
17;ILUMINAÇÃO PÚBLICA;25;MANUTENÇÃO EM LÂMPADA APAGADA;AV  JOAO DE BARROS;304;BOA VISTA;1;2019-05-29;EXECUÇÃO;2019-05-29
17;ILUMINAÇÃO PÚBLICA;25;MANUTENÇÃO EM LÂMPADA APAGADA;AV  NORTE MIGUEL ARRAES DE ALENCAR;7142;MACAXEIRA;3;2019-05-29;EXECUÇÃO;2019-05-29
17;ILUMINAÇÃO PÚBLICA;25;MANUTENÇÃO EM LÂMPADA APAGADA;AV  SUL GOV  CID SAMPAIO;00;IMBIRIBEIRA;6;2019-05-29;EXECUÇÃO;2019-05-29
17;ILUMINAÇÃO PÚBLICA;25;MANUTENÇÃO EM LÂMPADA APAGADA;AV EMBAIXADOR ASSIS CHATEAUBRIAND;18;BREJO DA GUABIRABA;3;2019-05-29;EXECUÇÃO;2019-05-29
17;ILUMINAÇÃO PÚBLICA;25;MANUTENÇÃO EM LÂMPADA APAGADA;AV ENGENHEIRO DOMINGOS FERREIRA;20;PINA;6;2019-05-29;EXECUÇÃO;2019-05-29
17;ILUMINAÇÃO PÚBLICA;25;MANUTENÇÃO EM LÂMPADA APAGADA;AV GOVERNADOR AGAMENON MAGALHAES;00;SANTO AMARO;1;2019-05-29;ATENDIDA;2019-05-29
17;ILUMINAÇÃO PÚBLICA;25;MANUTENÇÃO EM LÂMPADA APAGADA;AV GOVERNADOR AGAMENON MAGALHAES;3139;BOA VISTA;1;2019-05-29;EXECUÇÃO;2019-05-29
17;ILUMINAÇÃO PÚBLICA;25;MANUTENÇÃO EM LÂMPADA APAGADA;AV GOVERNADOR AGAMENON MAGALHAES;SN;PAISSANDU;1;2019-05-29;EXECUÇÃO;2019-05-29
17;ILUMINAÇÃO PÚBLICA;25;MANUTENÇÃO EM LÂMPADA APAGADA;AV MARQUES OLINDA;00;RECIFE;1;2019-05-29;ATENDIDA;2019-05-29
17;ILUMINAÇÃO PÚBLICA;25;MANUTENÇÃO EM LÂMPADA APAGADA;AV PROFESSOR JOAQUIM CAVALCANTI;S/N;IPUTINGA;4;2019-05-29;EXECUÇÃO;2019-05-29
17;ILUMINAÇÃO PÚBLICA;25;MANUTENÇÃO EM LÂMPADA APAGADA;COR  JOSE IDALINO;560;BREJO DA GUABIRABA;3;2019-05-29;EXECUÇÃO;2019-05-29
17;ILUMINAÇÃO PÚBLICA;25;MANUTENÇÃO EM LÂMPADA APAGADA;EST  ARRAIAL;864;CASA AMARELA;3;2019-05-29;EXECUÇÃO;2019-05-29
17;ILUMINAÇÃO PÚBLICA;25;MANUTENÇÃO EM LÂMPADA APAGADA;PRC  PINTO DAMASO;S/N;VARZEA;4;2019-05-29;EXECUÇÃO;2019-05-29
17;ILUMINAÇÃO PÚBLICA;25;MANUTENÇÃO EM LÂMPADA APAGADA;PRC  REPUBLICA;0;SANTO ANTONIO;1;2019-05-29;EXECUÇÃO;2019-05-29
17;ILUMINAÇÃO PÚBLICA;25;MANUTENÇÃO EM LÂMPADA APAGADA;PRC PROFESSOR FLEMING;115;JAQUEIRA;3;2019-05-29;EXECUÇÃO;2019-05-29
17;ILUMINAÇÃO PÚBLICA;25;MANUTENÇÃO EM LÂMPADA APAGADA;PTE PRINCESA IZABEL;0;SANTO ANTONIO;1;2019-05-29;EXECUÇÃO;2019-05-29
17;ILUMINAÇÃO PÚBLICA;25;MANUTENÇÃO EM LÂMPADA APAGADA;RUA  AGUAS FORMOSAS;43A;IMBIRIBEIRA;6;2019-05-29;EXECUÇÃO;2019-05-29
17;ILUMINAÇÃO PÚBLICA;25;MANUTENÇÃO EM LÂMPADA APAGADA;RUA  ALVENOPOLIS;321;JARDIM SAO PAULO;5;2019-05-29;EXECUÇÃO;2019-05-29
17;ILUMINAÇÃO PÚBLICA;25;MANUTENÇÃO EM LÂMPADA APAGADA;RUA  AMELIA;SN;ESPINHEIRO;3;2019-05-29;EXECUÇÃO;2019-05-29
17;ILUMINAÇÃO PÚBLICA;25;MANUTENÇÃO EM LÂMPADA APAGADA;RUA  ANDRE NEGREIROS MAIA;108;VARZEA;4;2019-05-29;EXECUÇÃO;2019-05-29
17;ILUMINAÇÃO PÚBLICA;25;MANUTENÇÃO EM LÂMPADA APAGADA;RUA  ANGUSTURA;253;AFLITOS;3;2019-05-29;EXECUÇÃO;2019-05-29
17;ILUMINAÇÃO PÚBLICA;25;MANUTENÇÃO EM LÂMPADA APAGADA;RUA  AURORA;00;BOA VISTA;1;2019-05-29;ATENDIDA;2019-05-29
17;ILUMINAÇÃO PÚBLICA;25;MANUTENÇÃO EM LÂMPADA APAGADA;RUA  BLUMENAU;22;IPSEP;6;2019-05-29;EXECUÇÃO;2019-05-29
17;ILUMINAÇÃO PÚBLICA;25;MANUTENÇÃO EM LÂMPADA APAGADA;RUA  BLUMENAU;698;IPSEP;6;2019-05-29;EXECUÇÃO;2019-05-29
17;ILUMINAÇÃO PÚBLICA;25;MANUTENÇÃO EM LÂMPADA APAGADA;RUA  BUENOLANDIA;SN;FUNDAO;2;2019-05-29;EXECUÇÃO;2019-05-29
17;ILUMINAÇÃO PÚBLICA;25;MANUTENÇÃO EM LÂMPADA APAGADA;RUA  CLEVELANDIA;00;JORDAO;6;2019-05-29;EXECUÇÃO;2019-05-29
17;ILUMINAÇÃO PÚBLICA;25;MANUTENÇÃO EM LÂMPADA APAGADA;RUA  COLONIA ISABEL;160;IPSEP;6;2019-05-29;EXECUÇÃO;2019-05-29
17;ILUMINAÇÃO PÚBLICA;25;MANUTENÇÃO EM LÂMPADA APAGADA;RUA  CORREGO DA LOURA;00;BREJO DA GUABIRABA;3;2019-05-29;EXECUÇÃO;2019-05-29
17;ILUMINAÇÃO PÚBLICA;25;MANUTENÇÃO EM LÂMPADA APAGADA;RUA  CRUCILANDIA;10;AFOGADOS;5;2019-05-29;EXECUÇÃO;2019-05-29
17;ILUMINAÇÃO PÚBLICA;25;MANUTENÇÃO EM LÂMPADA APAGADA;RUA  CRUZ MACEDO;1650;VARZEA;4;2019-05-29;EXECUÇÃO;2019-05-29
17;ILUMINAÇÃO PÚBLICA;25;MANUTENÇÃO EM LÂMPADA APAGADA;RUA  DIADEMA;632;VASCO DA GAMA;3;2019-05-29;EXECUÇÃO;2019-05-29
17;ILUMINAÇÃO PÚBLICA;25;MANUTENÇÃO EM LÂMPADA APAGADA;RUA  DOURADINHA;03;VASCO DA GAMA;3;2019-05-29;ATENDIDA;2019-05-29
17;ILUMINAÇÃO PÚBLICA;25;MANUTENÇÃO EM LÂMPADA APAGADA;RUA  ECOPORANGA;128-A;IBURA;6;2019-05-29;EXECUÇÃO;2019-05-29
17;ILUMINAÇÃO PÚBLICA;25;MANUTENÇÃO EM LÂMPADA APAGADA;RUA  EMETERIO MACIEL;S/N;VARZEA;4;2019-05-29;EXECUÇÃO;2019-05-29
17;ILUMINAÇÃO PÚBLICA;25;MANUTENÇÃO EM LÂMPADA APAGADA;RUA  EUGENOPOLIS;72;COHAB;6;2019-05-29;EXECUÇÃO;2019-05-29
17;ILUMINAÇÃO PÚBLICA;25;MANUTENÇÃO EM LÂMPADA APAGADA;RUA  FRANCISCO SILVEIRA;110;AFOGADOS;5;2019-05-29;EXECUÇÃO;2019-05-29
17;ILUMINAÇÃO PÚBLICA;25;MANUTENÇÃO EM LÂMPADA APAGADA;RUA  FREDERICO F DE ALBUQUERQUE;29;BREJO DA GUABIRABA;3;2019-05-29;EXECUÇÃO;2019-05-29
17;ILUMINAÇÃO PÚBLICA;25;MANUTENÇÃO EM LÂMPADA APAGADA;RUA  FREDERICO F DE ALBUQUERQUE;30;BREJO DA GUABIRABA;3;2019-05-29;EXECUÇÃO;2019-05-29
17;ILUMINAÇÃO PÚBLICA;25;MANUTENÇÃO EM LÂMPADA APAGADA;RUA  FUTURO;1385;TAMARINEIRA;3;2019-05-29;EXECUÇÃO;2019-05-29
17;ILUMINAÇÃO PÚBLICA;25;MANUTENÇÃO EM LÂMPADA APAGADA;RUA  GASTAO VIDIGAL;SN;VARZEA;4;2019-05-29;PREPARAÇÃO;2019-05-29
17;ILUMINAÇÃO PÚBLICA;25;MANUTENÇÃO EM LÂMPADA APAGADA;RUA  HORA;822;ESPINHEIRO;3;2019-05-29;EXECUÇÃO;2019-05-29
17;ILUMINAÇÃO PÚBLICA;25;MANUTENÇÃO EM LÂMPADA APAGADA;RUA  IBICARE;38;COHAB;6;2019-05-29;EXECUÇÃO;2019-05-29
17;ILUMINAÇÃO PÚBLICA;25;MANUTENÇÃO EM LÂMPADA APAGADA;RUA  IBIRAPUA;15;COHAB;6;2019-05-29;EXECUÇÃO;2019-05-29
17;ILUMINAÇÃO PÚBLICA;25;MANUTENÇÃO EM LÂMPADA APAGADA;RUA  IBIRAPUA;202;COHAB;6;2019-05-29;EXECUÇÃO;2019-05-29
17;ILUMINAÇÃO PÚBLICA;25;MANUTENÇÃO EM LÂMPADA APAGADA;RUA  IMACULADA;205;JARDIM SAO PAULO;5;2019-05-29;EXECUÇÃO;2019-05-29
17;ILUMINAÇÃO PÚBLICA;25;MANUTENÇÃO EM LÂMPADA APAGADA;RUA  IMACULADA;247;JARDIM SAO PAULO;5;2019-05-29;EXECUÇÃO;2019-05-29
17;ILUMINAÇÃO PÚBLICA;25;MANUTENÇÃO EM LÂMPADA APAGADA;RUA  ITACOLOMIS;49;MORRO DA CONCEICAO;3;2019-05-29;EXECUÇÃO;2019-05-29
17;ILUMINAÇÃO PÚBLICA;25;MANUTENÇÃO EM LÂMPADA APAGADA;RUA  JOSE ANTONIO DA COSTA FILHO;38;VARZEA;4;2019-05-29;PREPARAÇÃO;2019-05-29
17;ILUMINAÇÃO PÚBLICA;25;MANUTENÇÃO EM LÂMPADA APAGADA;RUA  JOSE ANTONIO DA COSTA FILHO;40;VARZEA;4;2019-05-29;PREPARAÇÃO;2019-05-29
17;ILUMINAÇÃO PÚBLICA;25;MANUTENÇÃO EM LÂMPADA APAGADA;RUA  JOSE DE ALENCAR;755;ILHA DO LEITE;1;2019-05-29;EXECUÇÃO;2019-05-29
17;ILUMINAÇÃO PÚBLICA;25;MANUTENÇÃO EM LÂMPADA APAGADA;RUA  JOSE DE ALENCAR;797;ILHA DO LEITE;1;2019-05-29;EXECUÇÃO;2019-05-29
17;ILUMINAÇÃO PÚBLICA;25;MANUTENÇÃO EM LÂMPADA APAGADA;RUA  JOSE DOS SANTOS;S/N;ENGENHO DO MEIO;4;2019-05-29;EXECUÇÃO;2019-05-29
17;ILUMINAÇÃO PÚBLICA;25;MANUTENÇÃO EM LÂMPADA APAGADA;RUA  LEAL DE BARROS;650;IPUTINGA;4;2019-05-29;EXECUÇÃO;2019-05-29
17;ILUMINAÇÃO PÚBLICA;25;MANUTENÇÃO EM LÂMPADA APAGADA;RUA  LEANDRO BARRETO;SN;JARDIM SAO PAULO;5;2019-05-29;EXECUÇÃO;2019-05-29
17;ILUMINAÇÃO PÚBLICA;25;MANUTENÇÃO EM LÂMPADA APAGADA;RUA  MANOEL DE BRITO;00;PINA;6;2019-05-29;EXECUÇÃO;2019-05-29
17;ILUMINAÇÃO PÚBLICA;25;MANUTENÇÃO EM LÂMPADA APAGADA;RUA  MANUEL ALVES DEUSDARA;96;ENGENHO DO MEIO;4;2019-05-29;EXECUÇÃO;2019-05-29
17;ILUMINAÇÃO PÚBLICA;25;MANUTENÇÃO EM LÂMPADA APAGADA;RUA  MARCOS FREIRE;10;VARZEA;4;2019-05-29;EXECUÇÃO;2019-05-29
17;ILUMINAÇÃO PÚBLICA;25;MANUTENÇÃO EM LÂMPADA APAGADA;RUA  MOEDA;00;RECIFE;1;2019-05-29;ATENDIDA;2019-05-29
17;ILUMINAÇÃO PÚBLICA;25;MANUTENÇÃO EM LÂMPADA APAGADA;RUA  NOVA;SN;PASSARINHO;3;2019-05-29;EXECUÇÃO;2019-05-29
17;ILUMINAÇÃO PÚBLICA;25;MANUTENÇÃO EM LÂMPADA APAGADA;RUA  POMBAL;575;SANTO AMARO;1;2019-05-29;EXECUÇÃO;2019-05-29
17;ILUMINAÇÃO PÚBLICA;25;MANUTENÇÃO EM LÂMPADA APAGADA;RUA  PROJETADA;00;BOA VIAGEM;6;2019-05-29;EXECUÇÃO;2019-05-29
17;ILUMINAÇÃO PÚBLICA;25;MANUTENÇÃO EM LÂMPADA APAGADA;RUA  PROJETADA;49;PINA;6;2019-05-29;EXECUÇÃO;2019-05-29
17;ILUMINAÇÃO PÚBLICA;25;MANUTENÇÃO EM LÂMPADA APAGADA;RUA  PROJETADA;SN;VARZEA;4;2019-05-29;EXECUÇÃO;2019-05-29
17;ILUMINAÇÃO PÚBLICA;25;MANUTENÇÃO EM LÂMPADA APAGADA;RUA  QUINTINO BOCAIUVA;39/45;IPSEP;6;2019-05-29;EXECUÇÃO;2019-05-29
17;ILUMINAÇÃO PÚBLICA;25;MANUTENÇÃO EM LÂMPADA APAGADA;RUA  RAMOS;SN;SAO JOSE;1;2019-05-29;EXECUÇÃO;2019-05-29
17;ILUMINAÇÃO PÚBLICA;25;MANUTENÇÃO EM LÂMPADA APAGADA;RUA  RICARDO SALAZAR;45;MADALENA;4;2019-05-29;PREPARAÇÃO;2019-05-29
17;ILUMINAÇÃO PÚBLICA;25;MANUTENÇÃO EM LÂMPADA APAGADA;RUA  RIO JARATUBA;110;IPSEP;6;2019-05-29;EXECUÇÃO;2019-05-29
17;ILUMINAÇÃO PÚBLICA;25;MANUTENÇÃO EM LÂMPADA APAGADA;RUA  RIO XINGU;47;IBURA;6;2019-05-29;EXECUÇÃO;2019-05-29
17;ILUMINAÇÃO PÚBLICA;25;MANUTENÇÃO EM LÂMPADA APAGADA;RUA  ROMEU WANDERLEI;54;VARZEA;4;2019-05-29;EXECUÇÃO;2019-05-29
17;ILUMINAÇÃO PÚBLICA;25;MANUTENÇÃO EM LÂMPADA APAGADA;RUA  SERRA DOURADA;00;JORDAO;6;2019-05-29;EXECUÇÃO;2019-05-29
17;ILUMINAÇÃO PÚBLICA;25;MANUTENÇÃO EM LÂMPADA APAGADA;RUA  SERRA DOURADA;643-A;JORDAO;6;2019-05-29;EXECUÇÃO;2019-05-29
17;ILUMINAÇÃO PÚBLICA;25;MANUTENÇÃO EM LÂMPADA APAGADA;RUA  SETUBAL;1861;BOA VIAGEM;6;2019-05-29;EXECUÇÃO;2019-05-29
17;ILUMINAÇÃO PÚBLICA;25;MANUTENÇÃO EM LÂMPADA APAGADA;RUA  SEVERINO BERNARDINO PEREIRA;116;ALTO JOSE DO PINHO;3;2019-05-29;EXECUÇÃO;2019-05-29
17;ILUMINAÇÃO PÚBLICA;25;MANUTENÇÃO EM LÂMPADA APAGADA;RUA  SOBRAL PINTO;217;NOVA DESCOBERTA;3;2019-05-29;EXECUÇÃO;2019-05-29
17;ILUMINAÇÃO PÚBLICA;25;MANUTENÇÃO EM LÂMPADA APAGADA;RUA  SOBRAL PINTO;236;NOVA DESCOBERTA;3;2019-05-29;EXECUÇÃO;2019-05-29
17;ILUMINAÇÃO PÚBLICA;25;MANUTENÇÃO EM LÂMPADA APAGADA;RUA  SOL;0;SANTO ANTONIO;1;2019-05-29;EXECUÇÃO;2019-05-29
17;ILUMINAÇÃO PÚBLICA;25;MANUTENÇÃO EM LÂMPADA APAGADA;RUA  SOSSEGO;00;COHAB;6;2019-05-29;EXECUÇÃO;2019-05-29
17;ILUMINAÇÃO PÚBLICA;25;MANUTENÇÃO EM LÂMPADA APAGADA;RUA  SUBIDA DO S;2973;FUNDAO;2;2019-05-29;EXECUÇÃO;2019-05-29
17;ILUMINAÇÃO PÚBLICA;25;MANUTENÇÃO EM LÂMPADA APAGADA;RUA  TAMARA;27;JORDAO;6;2019-05-29;EXECUÇÃO;2019-05-29
17;ILUMINAÇÃO PÚBLICA;25;MANUTENÇÃO EM LÂMPADA APAGADA;RUA  TAMAREIRA;12;JORDAO;6;2019-05-29;EXECUÇÃO;2019-05-29
17;ILUMINAÇÃO PÚBLICA;25;MANUTENÇÃO EM LÂMPADA APAGADA;RUA  TAMBAU;SN;MANGUEIRA;5;2019-05-29;EXECUÇÃO;2019-05-29
17;ILUMINAÇÃO PÚBLICA;25;MANUTENÇÃO EM LÂMPADA APAGADA;RUA  TOBIAS BARRETO;00;SAO JOSE;1;2019-05-29;ATENDIDA;2019-05-29
17;ILUMINAÇÃO PÚBLICA;25;MANUTENÇÃO EM LÂMPADA APAGADA;RUA  TORRES HOMEM;435;VARZEA;4;2019-05-29;EXECUÇÃO;2019-05-29
17;ILUMINAÇÃO PÚBLICA;25;MANUTENÇÃO EM LÂMPADA APAGADA;RUA  TUPIRAMBA;10;BREJO DA GUABIRABA;3;2019-05-29;EXECUÇÃO;2019-05-29
17;ILUMINAÇÃO PÚBLICA;25;MANUTENÇÃO EM LÂMPADA APAGADA;RUA  TUPIRAMBA;92;BREJO DA GUABIRABA;3;2019-05-29;EXECUÇÃO;2019-05-29
17;ILUMINAÇÃO PÚBLICA;25;MANUTENÇÃO EM LÂMPADA APAGADA;RUA  UBA;78;CASA AMARELA;3;2019-05-29;EXECUÇÃO;2019-05-29
17;ILUMINAÇÃO PÚBLICA;25;MANUTENÇÃO EM LÂMPADA APAGADA;RUA  UNIAO;352;BOA VISTA;1;2019-05-29;EXECUÇÃO;2019-05-29
17;ILUMINAÇÃO PÚBLICA;25;MANUTENÇÃO EM LÂMPADA APAGADA;RUA  VICTOR FELICIANO;58;DOIS UNIDOS;2;2019-05-29;EXECUÇÃO;2019-05-29
17;ILUMINAÇÃO PÚBLICA;25;MANUTENÇÃO EM LÂMPADA APAGADA;RUA BARAO MURIBECA;S/N;VARZEA;4;2019-05-29;EXECUÇÃO;2019-05-29
17;ILUMINAÇÃO PÚBLICA;25;MANUTENÇÃO EM LÂMPADA APAGADA;RUA BARAO SAO BORJA;321;SOLEDADE;1;2019-05-29;EXECUÇÃO;2019-05-29
17;ILUMINAÇÃO PÚBLICA;25;MANUTENÇÃO EM LÂMPADA APAGADA;RUA CAPITAO BRAZ DA ROCHA;58;COHAB;6;2019-05-29;EXECUÇÃO;2019-05-29
17;ILUMINAÇÃO PÚBLICA;25;MANUTENÇÃO EM LÂMPADA APAGADA;RUA CAPITAO JOSE NOGUEIRA COSTA;150;VARZEA;4;2019-05-29;EXECUÇÃO;2019-05-29
17;ILUMINAÇÃO PÚBLICA;25;MANUTENÇÃO EM LÂMPADA APAGADA;RUA DOM BOSCO;0;BOA VISTA;1;2019-05-29;EXECUÇÃO;2019-05-29
17;ILUMINAÇÃO PÚBLICA;25;MANUTENÇÃO EM LÂMPADA APAGADA;RUA DONA BENVINDA DE FARIAS;00;BOA VIAGEM;6;2019-05-29;EXECUÇÃO;2019-05-29
17;ILUMINAÇÃO PÚBLICA;25;MANUTENÇÃO EM LÂMPADA APAGADA;RUA DONA MARIA LACERDA;S/N;VARZEA;4;2019-05-29;EXECUÇÃO;2019-05-29
17;ILUMINAÇÃO PÚBLICA;25;MANUTENÇÃO EM LÂMPADA APAGADA;RUA DR OTAVIO BANDEIRA;108;IPSEP;6;2019-05-29;EXECUÇÃO;2019-05-29
17;ILUMINAÇÃO PÚBLICA;25;MANUTENÇÃO EM LÂMPADA APAGADA;RUA DR OTAVIO BANDEIRA;138;IPSEP;6;2019-05-29;EXECUÇÃO;2019-05-29
17;ILUMINAÇÃO PÚBLICA;25;MANUTENÇÃO EM LÂMPADA APAGADA;RUA DR PORTO;243;JARDIM SAO PAULO;5;2019-05-29;EXECUÇÃO;2019-05-29
17;ILUMINAÇÃO PÚBLICA;25;MANUTENÇÃO EM LÂMPADA APAGADA;RUA EXP TEODORO SATIVA;202;DOIS UNIDOS;2;2019-05-29;EXECUÇÃO;2019-05-29
17;ILUMINAÇÃO PÚBLICA;25;MANUTENÇÃO EM LÂMPADA APAGADA;RUA FREI CASSIMIRO;29;SANTO AMARO;1;2019-05-29;EXECUÇÃO;2019-05-29
17;ILUMINAÇÃO PÚBLICA;25;MANUTENÇÃO EM LÂMPADA APAGADA;RUA PADRE ROMA;34;TAMARINEIRA;3;2019-05-29;EXECUÇÃO;2019-05-29
17;ILUMINAÇÃO PÚBLICA;25;MANUTENÇÃO EM LÂMPADA APAGADA;RUA PROFESSOR JULIO OLIVEIRA;92;IPUTINGA;4;2019-05-29;EXECUÇÃO;2019-05-29
17;ILUMINAÇÃO PÚBLICA;25;MANUTENÇÃO EM LÂMPADA APAGADA;RUA PROFESSOR MARIO CASTRO;398;BOA VIAGEM;6;2019-05-29;PREPARAÇÃO;2019-05-29
17;ILUMINAÇÃO PÚBLICA;25;MANUTENÇÃO EM LÂMPADA APAGADA;RUA SANTA LUZIA;200;COHAB;6;2019-05-29;PREPARAÇÃO;2019-05-29
17;ILUMINAÇÃO PÚBLICA;25;MANUTENÇÃO EM LÂMPADA APAGADA;RUA SANTA LUZIA;205;COHAB;6;2019-05-29;PREPARAÇÃO;2019-05-29
17;ILUMINAÇÃO PÚBLICA;25;MANUTENÇÃO EM LÂMPADA APAGADA;RUA SANTA RITA;0;SAO JOSE;1;2019-05-29;EXECUÇÃO;2019-05-29
17;ILUMINAÇÃO PÚBLICA;25;MANUTENÇÃO EM LÂMPADA APAGADA;RUA SAO JOSE;99;ALTO JOSE BONIFACIO;3;2019-05-29;EXECUÇÃO;2019-05-29
17;ILUMINAÇÃO PÚBLICA;25;MANUTENÇÃO EM LÂMPADA APAGADA;RUA SAO MIGUEL;20;AFOGADOS;5;2019-05-29;EXECUÇÃO;2019-05-29
17;ILUMINAÇÃO PÚBLICA;25;MANUTENÇÃO EM LÂMPADA APAGADA;RUA VEREADOR RAMOS PEDROSA;275;COHAB;6;2019-05-29;EXECUÇÃO;2019-05-29
17;ILUMINAÇÃO PÚBLICA;25;MANUTENÇÃO EM LÂMPADA APAGADA;RUA VISCONDE ABAETE;95A;TAMARINEIRA;3;2019-05-29;EXECUÇÃO;2019-05-29
17;ILUMINAÇÃO PÚBLICA;25;MANUTENÇÃO EM LÂMPADA APAGADA;RUA VISCONDE JEQUITINHONHA;00;BOA VIAGEM;6;2019-05-29;EXECUÇÃO;2019-05-29
17;ILUMINAÇÃO PÚBLICA;25;MANUTENÇÃO EM LÂMPADA APAGADA;TRV  ARAPONGAS;SN;MONTEIRO;3;2019-05-29;EXECUÇÃO;2019-05-29
17;ILUMINAÇÃO PÚBLICA;25;MANUTENÇÃO EM LÂMPADA APAGADA;TRV  BRASIL;58;CAMPO GRANDE;2;2019-05-29;EXECUÇÃO;2019-05-29
17;ILUMINAÇÃO PÚBLICA;434;IMPLANTAÇÃO LAMPADA LED;RUA  CAMPO DO ONZE;SN;SANTO AMARO;1;2019-05-29;PREPARAÇÃO;2019-05-29
20;LIMPEZA URBANA;3;REMOÇÃO DE ENTULHOS;AV  NORTE MIGUEL ARRAES DE ALENCAR;7008;MACAXEIRA;3;2019-05-29;PREPARAÇÃO;2019-05-29
20;LIMPEZA URBANA;3;REMOÇÃO DE ENTULHOS;EST  ENCANAMENTO;SN;CASA FORTE;3;2019-05-29;PREPARAÇÃO;2019-05-29
20;LIMPEZA URBANA;3;REMOÇÃO DE ENTULHOS;PRC  ELVIRA ANDRADE DE SOUZA;0;GRACAS;3;2019-05-29;CADASTRADA;2019-05-29
20;LIMPEZA URBANA;3;REMOÇÃO DE ENTULHOS;RUA  ALTO DA TELHA;1555;PASSARINHO;3;2019-05-29;PREPARAÇÃO;2019-05-29
20;LIMPEZA URBANA;3;REMOÇÃO DE ENTULHOS;RUA  BRUNO VELOSO;SN;BOA VIAGEM;6;2019-05-29;PREPARAÇÃO;2019-05-29
20;LIMPEZA URBANA;3;REMOÇÃO DE ENTULHOS;RUA  CASSATUBA;189;VASCO DA GAMA;3;2019-05-29;PREPARAÇÃO;2019-05-29
20;LIMPEZA URBANA;3;REMOÇÃO DE ENTULHOS;RUA  CORREGO DA LOURA;13;BREJO DA GUABIRABA;3;2019-05-29;PREPARAÇÃO;2019-05-29
20;LIMPEZA URBANA;3;REMOÇÃO DE ENTULHOS;RUA  FELICIDADE I;18;JIQUIA;5;2019-05-29;PREPARAÇÃO;2019-05-29
20;LIMPEZA URBANA;3;REMOÇÃO DE ENTULHOS;RUA  ROMILDO JOSE FERREIRA GOMES;00;CASA AMARELA;3;2019-05-29;PREPARAÇÃO;2019-05-29
20;LIMPEZA URBANA;3;REMOÇÃO DE ENTULHOS;RUA  TRIUNFO;81;ARRUDA;2;2019-05-29;PREPARAÇÃO;2019-05-29
20;LIMPEZA URBANA;3;REMOÇÃO DE ENTULHOS;RUA  VALE DO SIRIJI;37;VARZEA;4;2019-05-29;CADASTRADA;2019-05-29
20;LIMPEZA URBANA;3;REMOÇÃO DE ENTULHOS;RUA  VIOLETA;28;AGUA FRIA;2;2019-05-29;PREPARAÇÃO;2019-05-29
20;LIMPEZA URBANA;3;REMOÇÃO DE ENTULHOS;RUA COMPOSITOR RAUL VALENCA;SN;DOIS UNIDOS;2;2019-05-29;ATENDIDA;2019-05-29
20;LIMPEZA URBANA;3;REMOÇÃO DE ENTULHOS;RUA ENGENHEIRO JOSE APOLINARIO;70;IMBIRIBEIRA;6;2019-05-29;PREPARAÇÃO;2019-05-29
20;LIMPEZA URBANA;3;REMOÇÃO DE ENTULHOS;RUA SAO DOMINGOS SAVIO;135;ALTO JOSE BONIFACIO;3;2019-05-29;PREPARAÇÃO;2019-05-29
20;LIMPEZA URBANA;41;CAPINAÇÃO EM VIA PAVIMENTADA;RUA  ALTO DAS LARANJEIRAS;SN;COHAB;6;2019-05-29;PREPARAÇÃO;2019-05-29
20;LIMPEZA URBANA;41;CAPINAÇÃO EM VIA PAVIMENTADA;RUA  ANA CAMELO DA SILVA;38;BOA VIAGEM;6;2019-05-29;PREPARAÇÃO;2019-05-29
20;LIMPEZA URBANA;41;CAPINAÇÃO EM VIA PAVIMENTADA;RUA  ARACAI;SN;VARZEA;4;2019-05-29;PREPARAÇÃO;2019-05-29
20;LIMPEZA URBANA;41;CAPINAÇÃO EM VIA PAVIMENTADA;RUA  BELO ORIENTE;00;JORDAO;6;2019-05-29;PREPARAÇÃO;2019-05-29
20;LIMPEZA URBANA;41;CAPINAÇÃO EM VIA PAVIMENTADA;RUA  BERTOLINA;00;BRASILIA TEIMOSA;6;2019-05-29;PREPARAÇÃO;2019-05-29
20;LIMPEZA URBANA;41;CAPINAÇÃO EM VIA PAVIMENTADA;RUA  BOMBA DO HEMETERIO;S/N;BOMBA DO HEMETERIO;2;2019-05-29;ATENDIDA;2019-05-29
20;LIMPEZA URBANA;41;CAPINAÇÃO EM VIA PAVIMENTADA;RUA  COQUEIRO SECO;SN;VARZEA;4;2019-05-29;PREPARAÇÃO;2019-05-29
20;LIMPEZA URBANA;41;CAPINAÇÃO EM VIA PAVIMENTADA;RUA  SERRA TALHADA;00;JORDAO;6;2019-05-29;PREPARAÇÃO;2019-05-29
20;LIMPEZA URBANA;41;CAPINAÇÃO EM VIA PAVIMENTADA;RUA  TRAIPU;00;VARZEA;4;2019-05-29;ATENDIDA;2019-05-29
20;LIMPEZA URBANA;41;CAPINAÇÃO EM VIA PAVIMENTADA;RUA COMPOSITOR ATAULFO ALVES;SN;BOA VIAGEM;6;2019-05-29;CADASTRADA;2019-05-29
20;LIMPEZA URBANA;47;LIMPEZA DE RUAS - EVENTOS;RUA CAPITAO TEMUDO;SN;CABANGA;1;2019-05-29;PREPARAÇÃO;2019-05-29
20;LIMPEZA URBANA;52;REMOÇÃO DE ANIMAIS MORTOS DE GRANDE PORTE;AV  RECIFE;SN;AREIAS;5;2019-05-29;CADASTRADA;2019-05-29
20;LIMPEZA URBANA;52;REMOÇÃO DE ANIMAIS MORTOS DE GRANDE PORTE;ROD  BR CENTO E UM;3587;JARDIM SAO PAULO;5;2019-05-29;ATENDIDA;2019-05-29
20;LIMPEZA URBANA;77;REMOCAO DE PODA DO CIDADAO;RUA  CARLOS DE OLIVEIRA FILHO;125;PRADO;4;2019-05-29;PREPARAÇÃO;2019-05-29
20;LIMPEZA URBANA;77;REMOCAO DE PODA DO CIDADAO;RUA  OURICANGAS;69;BREJO DE BEBERIBE;3;2019-05-29;CADASTRADA;2019-05-29
20;LIMPEZA URBANA;77;REMOCAO DE PODA DO CIDADAO;RUA  VALE DO SIRIJI;155;VARZEA;4;2019-05-29;PREPARAÇÃO;2019-05-29
20;LIMPEZA URBANA;77;REMOCAO DE PODA DO CIDADAO;RUA DR ANICETO RIBEIRO VAREJAO;330;TORROES;4;2019-05-29;CADASTRADA;2019-05-29
20;LIMPEZA URBANA;77;REMOCAO DE PODA DO CIDADAO;RUA MAJOR GUILHERME BONIFACIO;265;AGUA FRIA;2;2019-05-29;PREPARAÇÃO;2019-05-29
20;LIMPEZA URBANA;85;LIMPEZA DE ESCADARIAS;RUA  PROJETADA;SN;AGUA FRIA;2;2019-05-29;PREPARAÇÃO;2019-05-29
20;LIMPEZA URBANA;141;CAPINAÇÃO EM VIA NÃO PAVIMENTADA;AV  OTHON BEZERRA DE MELO;S/N;MONTEIRO;3;2019-05-29;PREPARAÇÃO;2019-05-29
20;LIMPEZA URBANA;141;CAPINAÇÃO EM VIA NÃO PAVIMENTADA;RUA  FELIZ DESERTO;SN;VARZEA;4;2019-05-29;ATENDIDA;2019-05-29
20;LIMPEZA URBANA;141;CAPINAÇÃO EM VIA NÃO PAVIMENTADA;RUA  FRANCISCO BELTRAO;SN;IBURA;6;2019-05-29;PREPARAÇÃO;2019-05-29
20;LIMPEZA URBANA;141;CAPINAÇÃO EM VIA NÃO PAVIMENTADA;RUA  FRANCO GONDIM;00;SANTANA;3;2019-05-29;PREPARAÇÃO;2019-05-29
20;LIMPEZA URBANA;141;CAPINAÇÃO EM VIA NÃO PAVIMENTADA;RUA  LISBOA;107;IMBIRIBEIRA;6;2019-05-29;PREPARAÇÃO;2019-05-29
20;LIMPEZA URBANA;141;CAPINAÇÃO EM VIA NÃO PAVIMENTADA;RUA COMPOSITOR RAUL VALENCA;SN;DOIS UNIDOS;2;2019-05-29;PREPARAÇÃO;2019-05-29
20;LIMPEZA URBANA;141;CAPINAÇÃO EM VIA NÃO PAVIMENTADA;RUA EXP GUILHERME BRASILEIRO;212;IPUTINGA;4;2019-05-29;CADASTRADA;2019-05-29
20;LIMPEZA URBANA;180;REMOÇÃO DE UTILITÁRIOS DOMESTICOS GELADEIRA,SOFA,ETC;RUA  CORREGO JOAO FRANCISCO;35;BOMBA DO HEMETERIO;2;2019-05-29;PREPARAÇÃO;2019-05-29
20;LIMPEZA URBANA;180;REMOÇÃO DE UTILITÁRIOS DOMESTICOS GELADEIRA,SOFA,ETC;RUA  SABINO DE SOUZA CASTRO;28;CASA AMARELA;3;2019-05-29;PREPARAÇÃO;2019-05-29
21;LUMINÁRIAS;10;IMPLANTACAO DE LUMINARIAS;RUA  BARRA DOS COQUEIROS;440;JORDAO;6;2019-05-29;EXECUÇÃO;2019-05-29
21;LUMINÁRIAS;10;IMPLANTACAO DE LUMINARIAS;RUA  CORREGO DA AREIA;1176;NOVA DESCOBERTA;3;2019-05-29;EXECUÇÃO;2019-05-29
21;LUMINÁRIAS;10;IMPLANTACAO DE LUMINARIAS;RUA  FRANCISCO SILVEIRA;140;AFOGADOS;5;2019-05-29;EXECUÇÃO;2019-05-29
21;LUMINÁRIAS;10;IMPLANTACAO DE LUMINARIAS;RUA  IBIRACU;49;COHAB;6;2019-05-29;EXECUÇÃO;2019-05-29
21;LUMINÁRIAS;10;IMPLANTACAO DE LUMINARIAS;RUA  IBIRACU;82;COHAB;6;2019-05-29;EXECUÇÃO;2019-05-29
21;LUMINÁRIAS;10;IMPLANTACAO DE LUMINARIAS;RUA  IBIRACU;93;COHAB;6;2019-05-29;EXECUÇÃO;2019-05-29
21;LUMINÁRIAS;10;IMPLANTACAO DE LUMINARIAS;RUA  IBIRAJUBA;390 E 384;COHAB;6;2019-05-29;EXECUÇÃO;2019-05-29
21;LUMINÁRIAS;10;IMPLANTACAO DE LUMINARIAS;RUA  JURUPATA;234;AREIAS;5;2019-05-29;EXECUÇÃO;2019-05-29
21;LUMINÁRIAS;10;IMPLANTACAO DE LUMINARIAS;RUA DR HENRIQUE LINS;291;BRASILIA TEIMOSA;6;2019-05-29;EXECUÇÃO;2019-05-29
21;LUMINÁRIAS;10;IMPLANTACAO DE LUMINARIAS;RUA PROCURADOR GALBA DE ALMEIDA MATOS;154;IMBIRIBEIRA;6;2019-05-29;PENDENTE;2019-05-29
21;LUMINÁRIAS;28;REPOSICAO DE LUMINARIA;AV  BRASILIA FORMOSA;S/N;BRASILIA TEIMOSA;6;2019-05-29;EXECUÇÃO;2019-05-29
21;LUMINÁRIAS;28;REPOSICAO DE LUMINARIA;RUA  BEM-TE-VI;S/N;BRASILIA TEIMOSA;6;2019-05-29;EXECUÇÃO;2019-05-29
21;LUMINÁRIAS;28;REPOSICAO DE LUMINARIA;RUA  BEM-TE-VI;S/N;PINA;6;2019-05-29;EXECUÇÃO;2019-05-29
21;LUMINÁRIAS;28;REPOSICAO DE LUMINARIA;RUA  BOM JARDIM;24;MANGUEIRA;5;2019-05-29;EXECUÇÃO;2019-05-29
21;LUMINÁRIAS;28;REPOSICAO DE LUMINARIA;RUA  GOIABEIRA;474;COHAB;6;2019-05-29;EXECUÇÃO;2019-05-29
21;LUMINÁRIAS;28;REPOSICAO DE LUMINARIA;RUA  IBIRAJA;294;COHAB;6;2019-05-29;EXECUÇÃO;2019-05-29
21;LUMINÁRIAS;28;REPOSICAO DE LUMINARIA;RUA  IBIRAJA;400;COHAB;6;2019-05-29;EXECUÇÃO;2019-05-29
21;LUMINÁRIAS;28;REPOSICAO DE LUMINARIA;RUA  IBIRAJUBA;336;COHAB;6;2019-05-29;EXECUÇÃO;2019-05-29
21;LUMINÁRIAS;28;REPOSICAO DE LUMINARIA;RUA  IBIRAJUBA;384;COHAB;6;2019-05-29;EXECUÇÃO;2019-05-29
21;LUMINÁRIAS;28;REPOSICAO DE LUMINARIA;RUA  IBIRAJUBA;408;COHAB;6;2019-05-29;EXECUÇÃO;2019-05-29
21;LUMINÁRIAS;28;REPOSICAO DE LUMINARIA;RUA  IBIRAJUBA;421;COHAB;6;2019-05-29;EXECUÇÃO;2019-05-29
21;LUMINÁRIAS;28;REPOSICAO DE LUMINARIA;RUA  IBIRAJUBA;476;COHAB;6;2019-05-29;EXECUÇÃO;2019-05-29
21;LUMINÁRIAS;28;REPOSICAO DE LUMINARIA;RUA  IBIRAJUBA;491;COHAB;6;2019-05-29;EXECUÇÃO;2019-05-29
21;LUMINÁRIAS;28;REPOSICAO DE LUMINARIA;RUA  IBIRAJUBA;52;COHAB;6;2019-05-29;EXECUÇÃO;2019-05-29
21;LUMINÁRIAS;28;REPOSICAO DE LUMINARIA;RUA  IBIRAJUBA;68;COHAB;6;2019-05-29;EXECUÇÃO;2019-05-29
21;LUMINÁRIAS;28;REPOSICAO DE LUMINARIA;RUA  IPOEMA;41;COHAB;6;2019-05-29;EXECUÇÃO;2019-05-29
21;LUMINÁRIAS;28;REPOSICAO DE LUMINARIA;RUA  ZEFERINO GALVAO;S/N;BOA VIAGEM;6;2019-05-29;PENDENTE;2019-05-29
21;LUMINÁRIAS;242;POSICIONAR LUMINARIA;RUA  NOVA;42487;MONTEIRO;3;2019-05-29;EXECUÇÃO;2019-05-29
21;LUMINÁRIAS;242;POSICIONAR LUMINARIA;RUA REITOR EDINALDO BASTOS;163;CAXANGA;4;2019-05-29;EXECUÇÃO;2019-05-29
22;MACRODRENAGEM;11;LIMPEZA DE CANAL;AV  RIO MORNO;S/N;DOIS UNIDOS;2;2019-05-29;CADASTRADA;2019-05-29
22;MACRODRENAGEM;11;LIMPEZA DE CANAL;RUA  ESDRAS FARIAS;SN;IPSEP;6;2019-05-29;CADASTRADA;2019-05-29
22;MACRODRENAGEM;11;LIMPEZA DE CANAL;RUA  JERICO;S/N;JARDIM SAO PAULO;5;2019-05-29;CADASTRADA;2019-05-29
22;MACRODRENAGEM;11;LIMPEZA DE CANAL;RUA  PROJETADA;S/N;JARDIM SAO PAULO;5;2019-05-29;CADASTRADA;2019-05-29
23;MANUT. URBANA;58;RECUP. DE PONTES E PONTILHOES;PTE CONDE MAURICIO DE NASSAU;S/N;RECIFE;1;2019-05-29;CADASTRADA;2019-05-29
25;PAVIMENTAÇÃO;65;OPERAÇÃO TAPA-BURACO EM ASFALTO;AV  DOIS RIOS;632;IBURA;6;2019-05-29;ATENDIDA;2019-05-29
25;PAVIMENTAÇÃO;65;OPERAÇÃO TAPA-BURACO EM ASFALTO;AV  MARIO MELO;.;SANTO AMARO;1;2019-05-29;ATENDIDA;2019-05-29
25;PAVIMENTAÇÃO;65;OPERAÇÃO TAPA-BURACO EM ASFALTO;AV  RIO VERDE;40;COHAB;6;2019-05-29;CADASTRADA;2019-05-29
25;PAVIMENTAÇÃO;65;OPERAÇÃO TAPA-BURACO EM ASFALTO;AV GOVERNADOR AGAMENON MAGALHAES;.;SANTO AMARO;1;2019-05-29;ATENDIDA;2019-05-29
25;PAVIMENTAÇÃO;65;OPERAÇÃO TAPA-BURACO EM ASFALTO;AV GOVERNADOR CARLOS DE LIMA CAVALCANTI;.;BOA VISTA;1;2019-05-29;ATENDIDA;2019-05-29
25;PAVIMENTAÇÃO;65;OPERAÇÃO TAPA-BURACO EM ASFALTO;AV GOVERNADOR CARLOS DE LIMA CAVALCANTI;.;BOA VISTA;1;2019-05-29;PREPARAÇÃO;2019-05-29
25;PAVIMENTAÇÃO;65;OPERAÇÃO TAPA-BURACO EM ASFALTO;AV MARECHAL MASCARENHAS DE MORAES;000;IMBIRIBEIRA;6;2019-05-29;ATENDIDA;2019-05-29
25;PAVIMENTAÇÃO;65;OPERAÇÃO TAPA-BURACO EM ASFALTO;PRC  CAMPO SANTO;.;SANTO AMARO;1;2019-05-29;ATENDIDA;2019-05-29
25;PAVIMENTAÇÃO;65;OPERAÇÃO TAPA-BURACO EM ASFALTO;PRC  CHORA MENINO;.;BOA VISTA;1;2019-05-29;ATENDIDA;2019-05-29
25;PAVIMENTAÇÃO;65;OPERAÇÃO TAPA-BURACO EM ASFALTO;RUA  AFONSO DE ALBUQUERQUE MELO;S/N;SANTANA;3;2019-05-29;CADASTRADA;2019-05-29
25;PAVIMENTAÇÃO;65;OPERAÇÃO TAPA-BURACO EM ASFALTO;RUA  ALOANDIA;322;ALTO JOSE BONIFACIO;3;2019-05-29;ATENDIDA;2019-05-29
25;PAVIMENTAÇÃO;65;OPERAÇÃO TAPA-BURACO EM ASFALTO;RUA  ANTONIO GOMES DE FREITAS;.;ILHA DO LEITE;1;2019-05-29;ATENDIDA;2019-05-29
25;PAVIMENTAÇÃO;65;OPERAÇÃO TAPA-BURACO EM ASFALTO;RUA  AQUIDABA;000;BOA VIAGEM;6;2019-05-29;ATENDIDA;2019-05-29
25;PAVIMENTAÇÃO;65;OPERAÇÃO TAPA-BURACO EM ASFALTO;RUA  ARAGAO;.;BOA VISTA;1;2019-05-29;ATENDIDA;2019-05-29
25;PAVIMENTAÇÃO;65;OPERAÇÃO TAPA-BURACO EM ASFALTO;RUA  BARROS BARRETO;.;SANTO AMARO;1;2019-05-29;ATENDIDA;2019-05-29
25;PAVIMENTAÇÃO;65;OPERAÇÃO TAPA-BURACO EM ASFALTO;RUA  BERTOLINA;228;BRASILIA TEIMOSA;6;2019-05-29;CADASTRADA;2019-05-29
25;PAVIMENTAÇÃO;65;OPERAÇÃO TAPA-BURACO EM ASFALTO;RUA  CAMBOIM;61;BOA VIAGEM;6;2019-05-29;CADASTRADA;2019-05-29
25;PAVIMENTAÇÃO;65;OPERAÇÃO TAPA-BURACO EM ASFALTO;RUA  COELHO LEITE;.;SANTO AMARO;1;2019-05-29;ATENDIDA;2019-05-29
25;PAVIMENTAÇÃO;65;OPERAÇÃO TAPA-BURACO EM ASFALTO;RUA  CRUZ E SOUZA;166;IPSEP;6;2019-05-29;ATENDIDA;2019-05-29
25;PAVIMENTAÇÃO;65;OPERAÇÃO TAPA-BURACO EM ASFALTO;RUA  CRUZ E SOUZA;194;IPSEP;6;2019-05-29;ATENDIDA;2019-05-29
25;PAVIMENTAÇÃO;65;OPERAÇÃO TAPA-BURACO EM ASFALTO;RUA  DEZ DE JULHO;000;BOA VIAGEM;6;2019-05-29;ATENDIDA;2019-05-29
25;PAVIMENTAÇÃO;65;OPERAÇÃO TAPA-BURACO EM ASFALTO;RUA  EMILIO MONTEIRO FONSECA;45;IBURA;6;2019-05-29;ATENDIDA;2019-05-29
25;PAVIMENTAÇÃO;65;OPERAÇÃO TAPA-BURACO EM ASFALTO;RUA  FRANCISCO CORREIA DE MORAES;125;IMBIRIBEIRA;6;2019-05-29;ATENDIDA;2019-05-29
25;PAVIMENTAÇÃO;65;OPERAÇÃO TAPA-BURACO EM ASFALTO;RUA  GUARABIRA;639;IMBIRIBEIRA;6;2019-05-29;ATENDIDA;2019-05-29
25;PAVIMENTAÇÃO;65;OPERAÇÃO TAPA-BURACO EM ASFALTO;RUA  ITACARI;335;IMBIRIBEIRA;6;2019-05-29;ATENDIDA;2019-05-29
25;PAVIMENTAÇÃO;65;OPERAÇÃO TAPA-BURACO EM ASFALTO;RUA  JAMAICA;233;IMBIRIBEIRA;6;2019-05-29;ATENDIDA;2019-05-29
25;PAVIMENTAÇÃO;65;OPERAÇÃO TAPA-BURACO EM ASFALTO;RUA  JOAQUIM PINHEIRO;86;IMBIRIBEIRA;6;2019-05-29;ATENDIDA;2019-05-29
25;PAVIMENTAÇÃO;65;OPERAÇÃO TAPA-BURACO EM ASFALTO;RUA  LARANJEIRAS;00;AREIAS;5;2019-05-29;CADASTRADA;2019-05-29
25;PAVIMENTAÇÃO;65;OPERAÇÃO TAPA-BURACO EM ASFALTO;RUA  LEAO FALCAO;.;SANTO AMARO;1;2019-05-29;ATENDIDA;2019-05-29
25;PAVIMENTAÇÃO;65;OPERAÇÃO TAPA-BURACO EM ASFALTO;RUA  MARCELO GAMA;241;IPSEP;6;2019-05-29;ATENDIDA;2019-05-29
25;PAVIMENTAÇÃO;65;OPERAÇÃO TAPA-BURACO EM ASFALTO;RUA  NAVEGANTES;2900;BOA VIAGEM;6;2019-05-29;ATENDIDA;2019-05-29
25;PAVIMENTAÇÃO;65;OPERAÇÃO TAPA-BURACO EM ASFALTO;RUA  NOVA CANAA;000;IBURA;6;2019-05-29;ATENDIDA;2019-05-29
25;PAVIMENTAÇÃO;65;OPERAÇÃO TAPA-BURACO EM ASFALTO;RUA  OBSERVATORIO;.;RECIFE;1;2019-05-29;ATENDIDA;2019-05-29
25;PAVIMENTAÇÃO;65;OPERAÇÃO TAPA-BURACO EM ASFALTO;RUA  PARIS;500;IMBIRIBEIRA;6;2019-05-29;ATENDIDA;2019-05-29
25;PAVIMENTAÇÃO;65;OPERAÇÃO TAPA-BURACO EM ASFALTO;RUA  PASSO DA PATRIA;.;SAO JOSE;1;2019-05-29;ATENDIDA;2019-05-29
25;PAVIMENTAÇÃO;65;OPERAÇÃO TAPA-BURACO EM ASFALTO;RUA  PEDRO AFONSO;.;SANTO AMARO;1;2019-05-29;ATENDIDA;2019-05-29
25;PAVIMENTAÇÃO;65;OPERAÇÃO TAPA-BURACO EM ASFALTO;RUA  PRAIA;.;SANTO ANTONIO;1;2019-05-29;ATENDIDA;2019-05-29
25;PAVIMENTAÇÃO;65;OPERAÇÃO TAPA-BURACO EM ASFALTO;RUA  SILVEIRA NETO;232;IPSEP;6;2019-05-29;ATENDIDA;2019-05-29
25;PAVIMENTAÇÃO;65;OPERAÇÃO TAPA-BURACO EM ASFALTO;RUA  TOBIAS BARRETO;.;SANTO ANTONIO;1;2019-05-29;ATENDIDA;2019-05-29
25;PAVIMENTAÇÃO;65;OPERAÇÃO TAPA-BURACO EM ASFALTO;RUA CORONEL FABRICIANO;000;IMBIRIBEIRA;6;2019-05-29;ATENDIDA;2019-05-29
25;PAVIMENTAÇÃO;65;OPERAÇÃO TAPA-BURACO EM ASFALTO;RUA DOM ESTEVAO BRIOSO;58;BOA VIAGEM;6;2019-05-29;ATENDIDA;2019-05-29
25;PAVIMENTAÇÃO;65;OPERAÇÃO TAPA-BURACO EM ASFALTO;RUA DR GONZAGA MARANHAO;000;IPSEP;6;2019-05-29;ATENDIDA;2019-05-29
25;PAVIMENTAÇÃO;65;OPERAÇÃO TAPA-BURACO EM ASFALTO;RUA EXP FRANCISCO VITORIANO;000;COHAB;6;2019-05-29;ATENDIDA;2019-05-29
25;PAVIMENTAÇÃO;65;OPERAÇÃO TAPA-BURACO EM ASFALTO;RUA FREI MATIAS TEVIS;.;ILHA DO LEITE;1;2019-05-29;ATENDIDA;2019-05-29
25;PAVIMENTAÇÃO;65;OPERAÇÃO TAPA-BURACO EM ASFALTO;RUA IMPERADOR DOM PEDRO II;.;SANTO ANTONIO;1;2019-05-29;ATENDIDA;2019-05-29
25;PAVIMENTAÇÃO;65;OPERAÇÃO TAPA-BURACO EM ASFALTO;RUA PRESIDENTE NILO PECANHA;000;IMBIRIBEIRA;6;2019-05-29;ATENDIDA;2019-05-29
25;PAVIMENTAÇÃO;65;OPERAÇÃO TAPA-BURACO EM ASFALTO;RUA SAO JOSE DA COROA GRANDE;26;BOMBA DO HEMETERIO;2;2019-05-29;ATENDIDA;2019-05-29
25;PAVIMENTAÇÃO;65;OPERAÇÃO TAPA-BURACO EM ASFALTO;TRV  CAIS DE SANTA RITA;.;SAO JOSE;1;2019-05-29;ATENDIDA;2019-05-29
25;PAVIMENTAÇÃO;71;RECAPEAMENTO ASFALTICO;RUA  ALTO DA BRASILEIRA;S/N;NOVA DESCOBERTA;3;2019-05-29;ATENDIDA;2019-05-29
25;PAVIMENTAÇÃO;71;RECAPEAMENTO ASFALTICO;RUA  ANTONIO VICENTE;SN;BOA VIAGEM;6;2019-05-29;CADASTRADA;2019-05-29
25;PAVIMENTAÇÃO;71;RECAPEAMENTO ASFALTICO;RUA  CAMBOIM;SN;BOA VIAGEM;6;2019-05-29;CADASTRADA;2019-05-29
25;PAVIMENTAÇÃO;71;RECAPEAMENTO ASFALTICO;RUA  CRUZEIRO DO FORTE;SN;BOA VIAGEM;6;2019-05-29;CADASTRADA;2019-05-29
25;PAVIMENTAÇÃO;71;RECAPEAMENTO ASFALTICO;RUA  FRANCISCO VALPASSOS;SN;BRASILIA TEIMOSA;6;2019-05-29;CADASTRADA;2019-05-29
25;PAVIMENTAÇÃO;71;RECAPEAMENTO ASFALTICO;RUA VISCONDE JEQUITINHONHA;S/N;BOA VIAGEM;6;2019-05-29;CADASTRADA;2019-05-29
25;PAVIMENTAÇÃO;71;RECAPEAMENTO ASFALTICO;RUA VISCONDE JEQUITINHONHA;SN;BOA VIAGEM;6;2019-05-29;CADASTRADA;2019-05-29
25;PAVIMENTAÇÃO;74;RECUPERAÇÃO DE PAVIMENTO PARALELEPIPEDO;2TR  ALTO DA TELHA;1064;PASSARINHO;3;2019-05-29;CADASTRADA;2019-05-29
25;PAVIMENTAÇÃO;74;RECUPERAÇÃO DE PAVIMENTO PARALELEPIPEDO;RUA  ARAMBORE;SN;AGUA FRIA;2;2019-05-29;CADASTRADA;2019-05-29
25;PAVIMENTAÇÃO;74;RECUPERAÇÃO DE PAVIMENTO PARALELEPIPEDO;RUA  CORREGO DA TELHA;S/N;PASSARINHO;3;2019-05-29;CADASTRADA;2019-05-29
25;PAVIMENTAÇÃO;74;RECUPERAÇÃO DE PAVIMENTO PARALELEPIPEDO;RUA  ELADIO CAMBOIM;222;LINHA DO TIRO;2;2019-05-29;CADASTRADA;2019-05-29
25;PAVIMENTAÇÃO;74;RECUPERAÇÃO DE PAVIMENTO PARALELEPIPEDO;RUA  MARCILIO DIAS;58;CAMPINA DO BARRETO;2;2019-05-29;CADASTRADA;2019-05-29
25;PAVIMENTAÇÃO;74;RECUPERAÇÃO DE PAVIMENTO PARALELEPIPEDO;RUA  MORRO DO PILAR;SN;COHAB;6;2019-05-29;CADASTRADA;2019-05-29
25;PAVIMENTAÇÃO;74;RECUPERAÇÃO DE PAVIMENTO PARALELEPIPEDO;RUA  OSVALDO MACHADO;000;PINA;6;2019-05-29;ATENDIDA;2019-05-29
25;PAVIMENTAÇÃO;74;RECUPERAÇÃO DE PAVIMENTO PARALELEPIPEDO;RUA  PROJETADA;SN;BRASILIA TEIMOSA;6;2019-05-29;CADASTRADA;2019-05-29
25;PAVIMENTAÇÃO;74;RECUPERAÇÃO DE PAVIMENTO PARALELEPIPEDO;RUA SANTO ANTONIO;SN;CAMPO GRANDE;2;2019-05-29;CADASTRADA;2019-05-29
26;PLANEJAMENTO DE LIMPEZA URBANA;12;INSTALAÇÃO DE CONTENEDORES DE LIXO;RUA TENENTE ROLAND RITTMISTER;S/N;VARZEA;4;2019-05-29;CADASTRADA;2019-05-29
26;PLANEJAMENTO DE LIMPEZA URBANA;45;AVAL. INST. DE CESTAS DE LIXO;AV  FERNANDO SIMOES BARBOSA;1222;BOA VIAGEM;6;2019-05-29;CADASTRADA;2019-05-29
27;POSTE;20;IMPLANTACAO DE POSTE;EST  MACACOS;750;GUABIRABA;3;2019-05-29;EXECUÇÃO;2019-05-29
27;POSTE;20;IMPLANTACAO DE POSTE;RUA  SITIO DOS COQUEIROS;S/N;VARZEA;4;2019-05-29;EXECUÇÃO;2019-05-29
27;POSTE;20;IMPLANTACAO DE POSTE;RUA  TUPIRAMBA;77 B;BREJO DA GUABIRABA;3;2019-05-29;EXECUÇÃO;2019-05-29
27;POSTE;20;IMPLANTACAO DE POSTE;RUA SAO DOMINGOS SAVIO;S/N;ALTO JOSE BONIFACIO;3;2019-05-29;EXECUÇÃO;2019-05-29
27;POSTE;29;REPOSICAO DESL. E RET. DE POSTE;AV  RECIFE;0;IPSEP;6;2019-05-29;ATENDIDA;2019-05-29
27;POSTE;29;REPOSICAO DESL. E RET. DE POSTE;RUA  BEM-TE-VI;S/N;BRASILIA TEIMOSA;6;2019-05-29;EXECUÇÃO;2019-05-29
27;POSTE;29;REPOSICAO DESL. E RET. DE POSTE;RUA  PROJETADA;S/N;PINA;6;2019-05-29;EXECUÇÃO;2019-05-29
28;PRAÇAS;42;RECUP. DE BRINQUEDOS EM PRACAS;RUA  CORREGO DA AREIA;1176;NOVA DESCOBERTA;3;2019-05-29;CADASTRADA;2019-05-29
28;PRAÇAS;90;LIMPEZA DE PRACAS;RUA  CAMPO DO ONZE;SN;SANTO AMARO;1;2019-05-29;CADASTRADA;2019-05-29
29;PROJETOS;217;PROJETO DE PAVIMENTACAO E DRENAGEM;RUA  ALEXANDRE DE GUSMAO;S/N;CORDEIRO;4;2019-05-29;CADASTRADA;2019-05-29
29;PROJETOS;217;PROJETO DE PAVIMENTACAO E DRENAGEM;RUA  ALTO DA BRASILEIRA;S/N;NOVA DESCOBERTA;3;2019-05-29;CADASTRADA;2019-05-29
29;PROJETOS;217;PROJETO DE PAVIMENTACAO E DRENAGEM;RUA  CAMPO ALEGRE;S/N;COHAB;6;2019-05-29;CADASTRADA;2019-05-29
29;PROJETOS;217;PROJETO DE PAVIMENTACAO E DRENAGEM;RUA  MORRO DO PILAR;S/N;COHAB;6;2019-05-29;CADASTRADA;2019-05-29
29;PROJETOS;217;PROJETO DE PAVIMENTACAO E DRENAGEM;RUA  RIO PARDO;S/N;IBURA;6;2019-05-29;CADASTRADA;2019-05-29
29;PROJETOS;217;PROJETO DE PAVIMENTACAO E DRENAGEM;RUA DR ALUISIO MARQUES;S/N;VARZEA;4;2019-05-29;CADASTRADA;2019-05-29
30;SEMENTEIRA;7;TRATAMENTO FITOSSANITARIO;RUA  EDSON ALVARES;93;CASA FORTE;3;2019-05-29;EXECUÇÃO;2019-05-29
30;SEMENTEIRA;9;PLANTIO DE ARVORES OU ARBUSTO;PRC  DERBY;85;DERBY;3;2019-05-29;PREPARAÇÃO;2019-05-29
30;SEMENTEIRA;9;PLANTIO DE ARVORES OU ARBUSTO;RUA  CORREGO DA AREIA;1176;NOVA DESCOBERTA;3;2019-05-29;CADASTRADA;2019-05-29
30;SEMENTEIRA;9;PLANTIO DE ARVORES OU ARBUSTO;RUA  JOAO RAMOS;55;GRACAS;3;2019-05-29;PREPARAÇÃO;2019-05-29
30;SEMENTEIRA;9;PLANTIO DE ARVORES OU ARBUSTO;RUA DES MEDEIROS CORREIA;180;MUSTARDINHA;5;2019-05-29;CADASTRADA;2019-05-29
31;TABLADOS;92;INST.PROV.DE TABLADOS E PALANQUES;RUA  NOVA AURORA;143;ILHA JOANA BEZERRA;1;2019-05-29;ATENDIDA;2019-05-29
31;TABLADOS;92;INST.PROV.DE TABLADOS E PALANQUES;RUA  PROJETADA;00;CAMPO GRANDE;2;2019-05-29;ATENDIDA;2019-05-29
32;TERRAPLANAGEN;17;TERRAPLANAGEM DE RUAS;RUA  TATUAMUNHA;SN;CORDEIRO;4;2019-05-29;CADASTRADA;2019-05-29
32;TERRAPLANAGEN;17;TERRAPLANAGEM DE RUAS;RUA COMPOSITOR RAUL VALENCA;SN;DOIS UNIDOS;2;2019-05-29;CADASTRADA;2019-05-29
33;VÃO DE REDE;241;REPOSICAO VAO DE REDE;RUA  PROJETADA;00;BOA VIAGEM;6;2019-05-29;ATENDIDA;2019-05-29
33;VÃO DE REDE;241;REPOSICAO VAO DE REDE;RUA  PROJETADA;S/N;BOA VIAGEM;6;2019-05-29;ATENDIDA;2019-05-29
34;COLETA URBANA;50;REGULARIZAR COLETA DOMICILIAR;RUA  ARNOBIO MARQUES;310;SANTO AMARO;1;2019-05-29;CADASTRADA;2019-05-29
34;COLETA URBANA;50;REGULARIZAR COLETA DOMICILIAR;RUA  SANTOS-MARINHO;57;VASCO DA GAMA;3;2019-05-29;PREPARAÇÃO;2019-05-29
